time_secs,x_ori,y_ori,z_ori,w_ori,x_angvel,y_angvel,z_angvel,x_linacc,y_linacc,z_linacc
0.02112603187561035,-0.034571490567670095,-0.010505673479834417,0.02391203674390152,-0.9990608877157703,0.0003032819367945194,-0.00037707225419581056,-0.00976321566849947,-0.20593965,0.5589790500000011,9.77723005
0.0929570198059082,-0.034573887257456394,-0.01049655731556951,0.02414352358270483,-0.9990553332390759,0.0002697885502129793,-0.0004862920322921139,-0.009686322882771492,-0.18632635,0.5589790500000011,9.7674234
0.18920063972473145,-0.03456772479358045,-0.010481459646484007,0.024361238168501886,-0.9990504198893926,0.0006037021521478891,-0.0008402481907978666,-0.009541590698063374,-0.18632635,0.5589790500000011,9.7674234
0.20781803131103516,-0.03457440581896604,-0.010475702509965195,0.024570351908702492,-0.9990451280729368,0.00041798222810029984,-0.00039643593481741954,-0.008738966658711433,-0.18632635,0.5589790500000011,9.7674234
0.22797536849975586,-0.03458910060621528,-0.010455339869585722,0.024780849974633257,-0.9990396335791687,0.0006233889143913984,-0.001284404075704516,-0.009159150533378124,-0.18632635,0.5589790500000011,9.7674234
0.28353452682495117,-0.03460531123967316,-0.010448891604691556,0.02501174393544947,-0.9990333857101805,0.0004309993237257004,-0.0009029669454321278,-0.010267600417137146,-0.18632635,0.5589790500000011,9.7674234
0.32779741287231445,-0.03460529809312097,-0.010439545832827914,0.02522345907902601,-0.9990281609338043,-0.0004520040238276124,-0.0005326833343133341,-0.009043190628290176,-0.18632635,0.5589790500000011,9.7674234
0.37685680389404297,-0.03461588702048649,-0.01042789180309144,0.025434857282533974,-0.9990225560383235,0.0004179349634796381,-0.000801048823632301,-0.008791236206889153,-0.18632635,0.5589790500000011,9.7674234
0.4243743419647217,-0.03462798687163812,-0.010415768636190528,0.02563725461689431,-0.9990170896759692,0.0002655372954905033,-0.0005885236896574508,-0.008819698356091976,-0.18632635,0.5589790500000011,9.7674234
0.4740898609161377,-0.03463103913890932,-0.010412248589331662,0.02585384756985959,-0.9990114387599911,0.00023214402608573437,-0.0005049839965067816,-0.009561600163578987,-0.18632635,0.5589790500000011,9.7674234
0.5242922306060791,-0.03463379397413179,-0.010397645396117084,0.026058318518559664,-0.9990061828242902,0.00013563316315412521,-0.00036353984614834303,-0.009087225422263145,-0.18632635,0.5589790500000011,9.7674234
0.5715234279632568,-0.03464616260561164,-0.010371434969087504,0.026272518634468,-0.9990004161750828,0.0008937532547861338,-0.0011584605090320121,-0.009427645243704319,-0.196133,0.5589790500000011,9.7674234
0.6227023601531982,-0.034642117833576395,-0.010363141256267312,0.026483621361249876,-0.9989950684437342,-1.9785482436418533e-5,-0.0009382966090925049,-0.008774197660386562,-0.196133,0.5589790500000011,9.7674234
0.667874813079834,-0.034650911346954444,-0.010340293214054634,0.026699442313249278,-0.9989892554273214,0.001085889060050249,-0.0011866495478898298,-0.009482917375862598,-0.196133,0.5589790500000011,9.7674234
0.7277944087982178,-0.034644932823842615,-0.010321721923272962,0.0269170882796545,-0.9989838142055731,-0.0003955424763262272,-0.0011406915728002797,-0.009094920940697193,-0.196133,0.5589790500000011,9.7674234
0.7734911441802979,-0.034632824953365705,-0.010302040205524892,0.027118950413544674,-0.9989789777226652,-2.4209730327129364e-6,-0.001007213257253171,-0.008253581821918488,-0.196133,0.5589790500000011,9.7674234
0.8226749897003174,-0.03462189179830825,-0.010289557602228858,0.027333645026939635,-0.9989736340175339,2.016010694205761e-5,-0.0008330243872478615,-0.008857163600623608,-0.196133,0.5589790500000011,9.7674234
0.8732290267944336,-0.03462145767567373,-0.010262256526375389,0.027567209019734584,-0.9989675118572479,0.0006400356069207191,-0.001363776391372086,-0.01005642395466566,-0.196133,0.5589790500000011,9.7674234
0.9241156578063965,-0.03460828474114274,-0.010246448618416507,0.02778599638040269,-0.9989620690111984,-0.0002368103014305234,-0.0008429581648670149,-0.009462036192417145,-0.196133,0.5589790500000011,9.7674234
0.9692540168762207,-0.03459922894783387,-0.010233259837958275,0.02799085031471371,-0.9989567988897035,-0.0002945364685729146,-0.000652461370918901,-0.0093842139467597,-0.196133,0.5589790500000011,9.7674234
1.0190558433532715,-0.03459101361354042,-0.010215490346313407,0.02821308215164886,-0.9989510135785822,-6.12880103290081e-6,-0.001238285331055523,-0.009260499849915504,-0.196133,0.5589790500000011,9.7674234
1.0860686302185059,-0.03458458726833379,-0.010203117139388942,0.028428481357628266,-0.998945255843291,-0.00026370841078460217,-0.0008401963859796535,-0.009168769232928753,-0.196133,0.5687857000000012,9.7674234
1.131821870803833,-0.0345695423251527,-0.010185940445089324,0.02865059514319518,-0.9989396061617635,-7.086130790412426e-5,-0.0010150705929845582,-0.009097190573811531,-0.196133,0.5687857000000012,9.7674234
1.175940990447998,-0.034563817698445264,-0.01018070871641063,0.02885950501954676,-0.9989338439787527,6.322795525193214e-5,-0.0004955087788403045,-0.009275946766138077,-0.196133,0.5687857000000012,9.7674234
1.224759817123413,-0.034564670527465535,-0.010167750107034345,0.029064233680580753,-0.9989280107843852,1.5457160770893097e-5,-0.0008411537273786974,-0.009393016807734966,-0.196133,0.5687857000000012,9.7674234
1.2793703079223633,-0.03455854973641531,-0.010146245766319117,0.02926561589218951,-0.9989225615949495,4.933425225317478e-5,-0.0006664018728770326,-0.009054983966052532,-0.196133,0.5687857000000012,9.7674234
1.3261806964874268,-0.03454465681070536,-0.010128682673762364,0.02946930818622162,-0.9989172319807835,0.00027272244915366173,-0.0002345396496821205,-0.008253141306340694,-0.196133,0.5687857000000012,9.7674234
1.4035146236419678,-0.03454511120250838,-0.010113090919975958,0.029719298020082996,-0.998909967919654,-6.423564627766609e-6,-0.0004810349782928835,-0.008832763880491257,-0.196133,0.5687857000000012,9.7674234
1.4230153560638428,-0.03455426459342336,-0.0101178135074108,0.02988996074729061,-0.9989045113997446,0.0006283107213675976,0.00035074347397312414,-0.008822397328913212,-0.196133,0.5687857000000012,9.7674234
1.523160696029663,-0.03455179376505967,-0.010107751739403972,0.030109108022005948,-0.9988981171853868,0.00024335156194865704,-0.0009533780394122015,-0.009220201522111893,-0.196133,0.5687857000000012,9.7674234
1.5240590572357178,-0.034569876560182504,-0.010098629214793724,0.03030097852370467,-0.9988917819379145,0.00040903082117438316,-0.0003321198164485405,-0.008421646431088448,-0.196133,0.5687857000000012,9.7674234
1.5909852981567383,-0.034580668404516686,-0.010096313109185228,0.030517968279653807,-0.9988848259165719,0.0002337286714464426,-5.514369695447504e-5,-0.009657933376729488,-0.196133,0.5589790500000011,9.77723005
1.6394572257995605,-0.03457550043998796,-0.010088635877992969,0.030743955991272887,-0.9988781524117207,-0.00024255993776023388,-0.0006647855043411267,-0.00941269937902689,-0.196133,0.5589790500000011,9.77723005
1.6765141487121582,-0.034573490584992254,-0.010078305432670541,0.030935379832786214,-0.99887241616884,-0.0006569166434928775,-0.0008126363973133276,-0.008329974487423897,-0.196133,0.5589790500000011,9.77723005
1.7239978313446045,-0.03457015697675112,-0.010068630973386488,0.03114689499313017,-0.9988660560101197,0.0005089184269309044,-0.00013434284483082706,-0.009405402466654778,-0.196133,0.5589790500000011,9.77723005
1.7732181549072266,-0.03457441280850704,-0.010063180434625252,0.03139600378052876,-0.9988581647687023,0.00017173797823488712,-0.0002200627350248408,-0.009514104574918747,-0.196133,0.5589790500000011,9.77723005
1.8223938941955566,-0.03456972696846589,-0.010052676371441598,0.03158369319665749,-0.9988525156393993,0.0001778891310095787,-0.0002561841101851325,-0.008906176313757896,-0.196133,0.5589790500000011,9.77723005
1.8743557929992676,-0.03455333037422093,-0.010043568185750602,0.03179877303784773,-0.9988463506122629,-0.0007217061938717961,-0.0002017456863541167,-0.008785534650087357,-0.196133,0.5589790500000011,9.77723005
1.923283576965332,-0.0345381157861031,-0.01001746313179153,0.03200954018545671,-0.9988404068355787,-9.893649257719517e-5,-0.0006197572220116865,-0.008425327017903328,-0.196133,0.5589790500000011,9.77723005
1.9699437618255615,-0.03452575066947898,-0.009995514288605045,0.03223341025339488,-0.9988338548018143,-0.0005661379545927048,-0.0006595988525077713,-0.009630458429455757,-0.196133,0.5589790500000011,9.77723005
2.026674509048462,-0.03451152529999791,-0.009979898754428744,0.03243118846463933,-0.9988281004542723,-0.0006886731134727597,-0.0005822877865284692,-0.008877014741301537,-0.196133,0.5589790500000011,9.77723005
2.071319103240967,-0.03451244339640782,-0.009964095764076112,0.03264950922554255,-0.9988211139106669,0.0003685983829200268,-0.0004128145228605729,-0.00910021923482418,-0.196133,0.5589790500000011,9.7674234
2.127286195755005,-0.03450722255890487,-0.009948394580019546,0.03286824082275003,-0.9988142769212744,-0.00025032833218574524,-0.0005206150235608231,-0.009245384484529495,-0.196133,0.5589790500000011,9.7674234
2.175513744354248,-0.03450717105560427,-0.009941473995473422,0.033092685672306166,-0.9988069364975047,0.00048598600551486015,-0.00030635899747721965,-0.009344728663563728,-0.196133,0.5589790500000011,9.7674234
2.226302146911621,-0.034508679512087186,-0.009926646460489762,0.033300492844795304,-0.9988001251024523,0.0002671796828508377,-0.0011775803286582242,-0.00928978156298399,-0.196133,0.5589790500000011,9.7674234
2.2742955684661865,-0.03450103295789015,-0.009909313406734996,0.03352211857073362,-0.9987931476532945,-0.00034439016599208117,-0.0007331988890655351,-0.009521911852061749,-0.196133,0.5589790500000011,9.7674234
2.322951555252075,-0.03450489273807089,-0.009885963479800239,0.03372441964226908,-0.9987864354420333,-0.00022526259999722242,-0.0015040035359561454,-0.00897788256406784,-0.196133,0.5589790500000011,9.7674234
2.371872663497925,-0.03451269815120053,-0.00986405965995013,0.03394355719783265,-0.9987789589884774,0.0006686053238809109,-0.0011860565282404434,-0.008611179888248444,-0.196133,0.5589790500000011,9.7674234
2.4247665405273438,-0.03451679010427694,-0.009839075926041925,0.03413370584175385,-0.9987725836802528,2.928590402007103e-5,-0.0010074760066345345,-0.009050560183823109,-0.196133,0.5589790500000011,9.7674234
2.4699177742004395,-0.03452203839554279,-0.009818314418777577,0.034345222496535655,-0.9987653554557516,0.0003919987939298153,-0.0011526375310495507,-0.008845355361700058,-0.196133,0.5589790500000011,9.7674234
2.5207905769348145,-0.034524145062647914,-0.00979335618453404,0.03455781430332244,-0.9987581944859893,-6.265356205403805e-5,-0.001643668627366425,-0.010398922488093376,-0.196133,0.5589790500000011,9.7674234
2.6192574501037598,-0.03452504535657557,-0.009773670045934749,0.034769673903687404,-0.9987510032002925,0.00012397696264088154,-0.0013611045433208357,-0.008934003300964832,-0.196133,0.5589790500000011,9.77723005
2.623512029647827,-0.034527566473603104,-0.009743396955438173,0.03497893132221036,-0.9987439049790171,0.0003306542057543993,-0.0008843583054840577,-0.00987472664564848,-0.196133,0.5589790500000011,9.77723005
2.6785144805908203,-0.034529926271227376,-0.009724711051333698,0.03520919178341503,-0.9987359145442956,0.0008171366062015295,-0.0010140578960999857,-0.009018993005156517,-0.196133,0.5589790500000011,9.77723005
2.730168342590332,-0.034542023997314326,-0.00969509751324391,0.03540152950036568,-0.9987289849460724,0.0006084113847464323,-0.0016125580295920383,-0.009338198229670525,-0.196133,0.5589790500000011,9.77723005
2.7799549102783203,-0.03454195501471106,-0.00966716086095868,0.03561464628003763,-0.9987216811079038,-0.00031627947464585304,-0.0015218835324049007,-0.009163390845060349,-0.196133,0.5589790500000011,9.77723005
2.8255434036254883,-0.03454423866962701,-0.009651419016095656,0.035832425882594277,-0.9987139645269207,-0.00041218462865799665,-0.000971793313510717,-0.008662653155624866,-0.196133,0.5589790500000011,9.77723005
2.8715615272521973,-0.034547036546463794,-0.009636684393612547,0.03606186320447807,-0.9987057517617373,-0.00031741138081997633,-0.0005705027142539631,-0.009211176075041294,-0.196133,0.5589790500000011,9.77723005
2.9251933097839355,-0.03454299269954373,-0.009619169344094288,0.036275101952719324,-0.9986983379453521,-0.0003329790197312832,-0.000881145417224617,-0.009329305030405521,-0.196133,0.5589790500000011,9.77723005
2.970285415649414,-0.03454527020190919,-0.00960346662201842,0.03650086289080684,-0.998690184563633,0.00012863287702202797,-0.0009174137376248848,-0.00989561714231968,-0.196133,0.5589790500000011,9.77723005
3.01983642578125,-0.03455178254688049,-0.009593934034721282,0.03672121318055371,-0.9986819730300126,9.421911090612411e-5,-0.0004359239246696245,-0.00948462262749672,-0.196133,0.5589790500000011,9.77723005
3.0843968391418457,-0.03455222946256635,-0.009582926113273162,0.03694311518695964,-0.9986738793052299,-0.0005863665137439966,-0.0010443616192787897,-0.00914190337061882,-0.18632635,0.5589790500000011,9.7674234
3.126114845275879,-0.03455554208838923,-0.00957953641714698,0.037171319330939145,-0.9986653293332094,-0.000111229601316154,-0.0007397463195957255,-0.00947520975023508,-0.18632635,0.5589790500000011,9.7674234
3.1753270626068115,-0.034555184347999986,-0.009581141696839355,0.037383679200387154,-0.9986573994558412,9.3062873929739e-5,-2.9190996428952712e-5,-0.00891209114342928,-0.18632635,0.5589790500000011,9.7674234
3.225426435470581,-0.034561820488456,-0.009582751268115898,0.03759498118208693,-0.9986492221158416,0.0004330447409301996,0.0002614854893181461,-0.009769736789166927,-0.18632635,0.5589790500000011,9.7674234
3.27445387840271,-0.034567219622005256,-0.009577515739446842,0.03782028059066522,-0.9986405784344575,7.897778414189816e-5,-9.271065937355268e-5,-0.008790319785475731,-0.18632635,0.5589790500000011,9.7674234
3.323099136352539,-0.034573082756531565,-0.00957848047583489,0.038024041392468844,-0.9986326286160832,2.202484756708145e-5,0.00010904685768764355,-0.009040988981723785,-0.18632635,0.5589790500000011,9.7674234
3.3698906898498535,-0.03458720618556831,-0.009586338345883554,0.038240871902788465,-0.998623784516226,0.0004390683025121689,-0.0002669205423444521,-0.009112998843193054,-0.18632635,0.5589790500000011,9.7674234
3.4197864532470703,-0.034597162238040886,-0.009600189897468199,0.03844325737643606,-0.9986155359703235,0.00047702714800834656,-0.000125368154840545,-0.009232702665030956,-0.18632635,0.5589790500000011,9.7674234
3.4674816131591797,-0.03459783748400085,-0.009605358470996136,0.03864096004818429,-0.9986078324030054,0.0006518261507153511,-0.0002159809810109448,-0.009338317438960075,-0.18632635,0.5589790500000011,9.7674234
3.5169436931610107,-0.03461281251287288,-0.00961531422515505,0.038858163158795256,-0.9985987893534745,0.00030037504620850086,0.0002550451608840365,-0.009259616956114769,-0.18632635,0.5589790500000011,9.7674234
3.583916425704956,-0.034608077727693295,-0.009620065046120587,0.03907586896058546,-0.9985904124161604,-0.0005110263591632247,9.65086801443238e-5,-0.008970224298536777,-0.196133,0.5589790500000011,9.77723005
3.627992630004883,-0.03462353811794417,-0.009616340036348866,0.039282428394799895,-0.9985818080817956,0.0009929891675710678,-2.1707091946155985e-5,-0.009394839406013489,-0.196133,0.5589790500000011,9.77723005
3.6834588050842285,-0.034627313768579325,-0.009616579860244199,0.039498643043240855,-0.9985731459090548,0.0007197812665253878,-0.0003710090531967592,-0.009729078970849514,-0.196133,0.5589790500000011,9.77723005
3.7422361373901367,-0.03463591225313829,-0.0096129931899488,0.03971072934065073,-0.9985644705874311,0.00037221983075141907,-0.00033553605317138255,-0.009533270262181759,-0.196133,0.5589790500000011,9.77723005
3.7834572792053223,-0.03463392727509081,-0.009606455251646617,0.03993666055697748,-0.9985555919639919,1.965113915503025e-5,-0.0005913108470849704,-0.009085624478757381,-0.196133,0.5589790500000011,9.77723005
3.8203699588775635,-0.03463401585205617,-0.009603795505963896,0.04015011080295133,-0.9985470548053057,0.00016203569248318672,-0.0005541144055314374,-0.009562971070408821,-0.196133,0.5589790500000011,9.77723005
3.8691415786743164,-0.03463355949055612,-0.00960331109848409,0.04037226491530033,-0.9985381180498661,0.00016243592835962772,-0.0008742512436583649,-0.009204412810504436,-0.196133,0.5589790500000011,9.77723005
3.9314563274383545,-0.03464447107660212,-0.00958850824314459,0.040591025310425854,-0.9985290129974901,0.0009849283378571272,-0.0006513015250675391,-0.009264511987566948,-0.196133,0.5589790500000011,9.77723005
3.9698843955993652,-0.03465395183499247,-0.009575932430395635,0.04080585057958297,-0.9985200487214982,0.0004728548228740692,-0.0005432787584140909,-0.009331803768873215,-0.196133,0.5589790500000011,9.77723005
4.032859563827515,-0.03464413446434683,-0.009548439885185266,0.04103289359126666,-0.9985113484014605,-0.00013081927318125963,-0.001394447288475932,-0.009898548014461994,-0.196133,0.5589790500000011,9.77723005
4.123100757598877,-0.03463038688600057,-0.009529187703386866,0.04124735772254978,-0.9985031729377466,-0.0003788820467889309,-0.0006680944934487354,-0.009210525080561638,-0.18632635,0.5589790500000011,9.7674234
4.135955333709717,-0.0346322165383272,-0.009502170081806,0.041479664326552645,-0.9984937434900307,0.00040810229256749153,-0.0014168370980769409,-0.009822890162467957,-0.18632635,0.5589790500000011,9.7674234
4.176235198974609,-0.034631062952722974,-0.009480609290362419,0.04170806706822883,-0.9984844739241969,0.0001881441567093134,-0.0013942276127636446,-0.009744787588715553,-0.18632635,0.5589790500000011,9.7674234
4.223794221878052,-0.03463585989892997,-0.009459016110344914,0.041920982031392606,-0.9984755958403839,0.0003620439674705267,-0.0011102522257715474,-0.009667768143117428,-0.18632635,0.5589790500000011,9.7674234
4.2738800048828125,-0.03463278496718786,-0.009441603983661494,0.04214246835127117,-0.998466543596176,-5.749892443418503e-5,-0.0011287101078778518,-0.010247140191495419,-0.18632635,0.5589790500000011,9.7674234
4.332369804382324,-0.03463502434616734,-0.009421642281008388,0.04238942378330668,-0.9984562005899851,-5.621742457151413e-5,-0.0008068967144936335,-0.009981531649827957,-0.18632635,0.5589790500000011,9.7674234
4.3710737228393555,-0.03464379871753318,-0.009407163065024848,0.04258867258734117,-0.9984475536855881,0.0007132771424949169,-0.0006817383691668522,-0.0094431908801198,-0.18632635,0.5589790500000011,9.7674234
4.429182767868042,-0.03466401681395879,-0.009407653213775324,0.04281463625792992,-0.9984371832626386,0.0006335938815027475,-6.81485980749141e-5,-0.008731202222406864,-0.18632635,0.5589790500000011,9.7674234
4.470591306686401,-0.0346647784866885,-0.009393300158226137,0.04303256441713221,-0.9984279230091131,-0.0005675845313817263,-0.0006937676807865512,-0.009794894605875015,-0.18632635,0.5589790500000011,9.7674234
4.5189971923828125,-0.03468164139455774,-0.009378341248676572,0.04325791286436448,-0.9984177399466727,0.0013914986047893763,-0.0011305386433377875,-0.010588005185127258,-0.18632635,0.5589790500000011,9.7674234
4.58225679397583,-0.034683791610367144,-0.00937676667103715,0.04348908607517027,-0.9984076373098676,-0.00025909871328622103,-0.000133491324959324,-0.00982186384499073,-0.18632635,0.5491724000000012,9.7674234
4.6337080001831055,-0.03469401690823661,-0.009379417861478929,0.04371154961416018,-0.9983975421352356,0.0003785933367908001,-0.000326139939716087,-0.009784441441297531,-0.18632635,0.5491724000000012,9.7674234
4.675558567047119,-0.034699892564739175,-0.009384793356948229,0.04391773206369909,-0.9983882390733696,0.0008834796026349068,1.4454853953792547e-5,-0.008968867361545563,-0.18632635,0.5491724000000012,9.7674234
4.723296403884888,-0.034710100349819466,-0.009382956438005515,0.04411948979273783,-0.9983790060305837,3.346707671880722e-5,-0.00023900053929537643,-0.008921626955270767,-0.18632635,0.5491724000000012,9.7674234
4.7780749797821045,-0.034709574225500674,-0.00937776877510026,0.044331799594263144,-0.99836966823648,-7.808732334524393e-5,-0.0004310943477321426,-0.00807802751660347,-0.18632635,0.5491724000000012,9.7674234
4.821985960006714,-0.03471942745641488,-0.009394843340802464,0.04452566170360306,-0.9983605379448633,0.0008003194816410542,0.0006113253766670812,-0.00907357782125473,-0.18632635,0.5491724000000012,9.7674234
4.878870487213135,-0.03472221940435303,-0.009400158915127623,0.04474288098429752,-0.9983506794174237,-6.049498915672302e-5,0.0004138718359172333,-0.00938812829554081,-0.18632635,0.5491724000000012,9.7674234
4.924530029296875,-0.03473543074594492,-0.009412967895654621,0.044959746791532196,-0.9983403563187909,0.0013641405384987593,0.0003626426332630205,-0.009714066050946712,-0.18632635,0.5491724000000012,9.7674234
4.967989444732666,-0.03473303481751079,-0.009403882594013303,0.0451557550531268,-0.9983316788873855,-4.104292020201683e-5,-2.5443150661886853e-5,-0.009093841537833214,-0.18632635,0.5491724000000012,9.7674234
5.038115739822388,-0.034735415651665345,-0.009399168454908824,0.04540229395925999,-0.9983204586880405,0.0006705846171826124,0.0003395446692593385,-0.008670457638800144,-0.18632635,0.5491724000000012,9.7674234
5.079257249832153,-0.03472909397224958,-0.009395190123467017,0.045563757615078915,-0.9983133598356805,9.74070280790329e-6,0.00013656278315465786,-0.009127561002969742,-0.18632635,0.5589790500000011,9.77723005
5.131389617919922,-0.034725887454752864,-0.00939920491470061,0.045769480250765326,-0.9983040230135438,-5.6609977036714554e-5,4.968584107700636e-5,-0.008137959986925125,-0.18632635,0.5589790500000011,9.77723005
5.176774978637695,-0.034710729531952735,-0.009387336864786775,0.04596953791173791,-0.9982954696612261,-0.00027057225815951824,-0.0005061761476099502,-0.008562195114791393,-0.18632635,0.5589790500000011,9.77723005
5.230410099029541,-0.03469049372975401,-0.009381969324633789,0.04616909937936686,-0.9982870141191238,-0.0008220362942665815,-0.00022579007782042132,-0.008587794378399849,-0.18632635,0.5589790500000011,9.77723005
5.272603511810303,-0.03468077112630626,-0.009373808459833143,0.046370229815367314,-0.9982781063490842,3.880402073264122e-5,-0.0007857154123485099,-0.00846437644213438,-0.18632635,0.5589790500000011,9.77723005
5.326303243637085,-0.03466348269280207,-0.00936337441634094,0.046569651596278905,-0.9982695215909112,-0.0005533434450626373,-0.00038365513319149716,-0.008603435941040516,-0.18632635,0.5589790500000011,9.77723005
5.370629787445068,-0.03464610239384364,-0.009348462416710815,0.04677660581952231,-0.9982605887178776,-0.00044295121915638447,-0.001085020834580065,-0.009446369484066963,-0.18632635,0.5589790500000011,9.77723005
5.419569492340088,-0.03462337568086229,-0.009313501490615713,0.046980095464822846,-0.9982521480951406,-0.0009276159107685089,-0.001656587002798916,-0.008139260113239288,-0.18632635,0.5589790500000011,9.77723005
5.470328092575073,-0.03460717595938808,-0.009266815174029176,0.04718541127120429,-0.9982434605204351,-0.00014171493239700794,-0.0022787766065448536,-0.009272039867937565,-0.18632635,0.5589790500000011,9.77723005
5.518314838409424,-0.03458463640302064,-0.009212142805513579,0.047382471945839444,-0.9982354134682376,0.00042948778718709946,-0.002617435296997429,-0.008123109117150307,-0.18632635,0.5589790500000011,9.77723005
5.5764100551605225,-0.034568874746196465,-0.009182702613961704,0.047587171765893777,-0.9982264933144225,-0.001031158259138465,-0.001346029806882144,-0.00873818900436163,-0.18632635,0.5589790500000011,9.77723005
5.628542900085449,-0.03456139354298709,-0.009137452132993228,0.047793044546458496,-0.9982173320163623,0.0008618729189038277,-0.0016521881334483634,-0.008937865495681763,-0.18632635,0.5589790500000011,9.77723005
5.676084995269775,-0.03456968119008805,-0.009113238180937922,0.04801860214272585,-0.998206441514245,-0.0005951272323727608,-0.0005859820521436643,-0.009155293926596642,-0.18632635,0.5589790500000011,9.77723005
5.724459409713745,-0.03455048860761588,-0.00908942994180472,0.04819051113912837,-0.9981990385872236,-0.0009460854344069958,-0.00104205554816872,-0.008388211950659752,-0.18632635,0.5589790500000011,9.77723005
5.7743330001831055,-0.03454313945279372,-0.009055511126725724,0.04837650599640492,-0.9981906044952329,-0.00045946845784783363,-0.0013803452020511042,-0.008547674864530563,-0.18632635,0.5589790500000011,9.77723005
5.8229897022247314,-0.034535033568821295,-0.009032480976817801,0.048573691314741985,-0.9981815176889743,-0.0006308567244559526,-0.0009458977729082117,-0.00818596500903368,-0.18632635,0.5589790500000011,9.77723005
5.87221360206604,-0.034528729018378036,-0.008987429590568332,0.048788629653344295,-0.9981716598853518,0.0003031534142792225,-0.0027049670461565265,-0.008385896682739258,-0.18632635,0.5589790500000011,9.77723005
5.921774625778198,-0.03452268264077925,-0.008953520103780695,0.04899536106873609,-0.9981620476930484,-0.00029502378311008215,-0.0016195494681596767,-0.009046620689332485,-0.18632635,0.5589790500000011,9.77723005
5.970379590988159,-0.03452865747181237,-0.008944880512737835,0.04920597112288022,-0.9981515582974668,0.0001993090845644474,-0.0003619531635195028,-0.009306921623647213,-0.18632635,0.5589790500000011,9.77723005
6.019087314605713,-0.034539243840789255,-0.00893199289463118,0.049426433368841616,-0.998140414882732,0.0002628446090966463,-0.0003465768240857882,-0.010356582701206207,-0.18632635,0.5589790500000011,9.77723005
6.095468521118164,-0.034537066539881776,-0.00894164974926281,0.04964059440087837,-0.9981297757917598,3.5957200452685356e-5,0.0006452902453020204,-0.009188354015350342,-0.18632635,0.5393657500000012,9.75761675
6.117496728897095,-0.03454992456360742,-0.008975367909039803,0.049852729562516074,-0.9981184553141542,-0.0005024800775572658,0.0018398552201688279,-0.009362244047224522,-0.18632635,0.5393657500000012,9.75761675
6.181028604507446,-0.03455693283452671,-0.009011623038950593,0.05007798600018065,-0.9981066097173386,0.0009216051548719406,0.0019901164341717945,-0.00973500870168209,-0.18632635,0.5393657500000012,9.75761675
6.224671125411987,-0.03455539327778785,-0.009058636441926247,0.0502784906943195,-0.9980961573289078,-0.0008969689952209592,0.002356606302782892,-0.010210737586021423,-0.18632635,0.5393657500000012,9.75761675
6.273940801620483,-0.03456708220171977,-0.009158571972878287,0.050519888374368216,-0.9980826510195027,0.0003622877411544323,0.004427314270287751,-0.010181303136050701,-0.18632635,0.5393657500000012,9.75761675
6.322441577911377,-0.034554891420107064,-0.009262314470918605,0.050731787438390075,-0.9980713675649113,-0.0024841546546667814,0.004472552798688411,-0.009197954088449478,-0.18632635,0.5393657500000012,9.75761675
6.373310089111328,-0.034584948791671545,-0.009393948257214563,0.050950008059172436,-0.9980579801454363,0.0010404379572719336,0.005603657569736241,-0.009695569053292274,-0.18632635,0.5393657500000012,9.75761675
6.421377658843994,-0.03458627028439603,-0.009552750673017031,0.051185475822430826,-0.9980443787363491,0.0009533045813441277,0.00639100931584835,-0.00948729645460844,-0.18632635,0.5393657500000012,9.75761675
6.470004558563232,-0.03458775534687858,-0.009739165017167001,0.051443282382448885,-0.998029270383666,-0.0007610288448631763,0.007557164411991834,-0.010357243940234186,-0.18632635,0.5393657500000012,9.75761675
6.519125938415527,-0.03460101049249532,-0.009961761822472484,0.051687457367754264,-0.9980139979605231,0.00018051802180707455,0.009215986356139181,-0.010905063711106779,-0.18632635,0.5393657500000012,9.75761675
6.578464508056641,-0.03459420638594628,-0.010215088668118166,0.051933107772302145,-0.9979989204228328,-0.0018268938874825835,0.010135754011571406,-0.011045860126614572,-0.2157463,0.5491724000000012,9.7870367
6.661066770553589,-0.03458246219887929,-0.010487797938401376,0.052171451679404346,-0.9979840675242916,-0.002468208782374859,0.009856382384896277,-0.010343727655708792,-0.2157463,0.5491724000000012,9.7870367
6.695141792297363,-0.03457849419032291,-0.010794572735425889,0.05240847974085788,-0.9979685146287138,-0.0008891241159290075,0.012025878764688967,-0.009745368734002115,-0.2157463,0.5491724000000012,9.7870367
6.764679193496704,-0.03457758311221993,-0.011117994163953978,0.052640408229147506,-0.9979527886495214,-0.0003486402565613389,0.01349977310746908,-0.00981506332755089,-0.2157463,0.5491724000000012,9.7870367
6.777798652648926,-0.03457774894841002,-0.011487467894970373,0.052880433952914974,-0.997935908294703,-0.0008627108763903379,0.015517360530793665,-0.01026175729930401,-0.2157463,0.5491724000000012,9.7870367
6.827731370925903,-0.03457130479710322,-0.01191172832822756,0.053112830100561115,-0.9979188157819097,-0.0005263229832053185,0.01697414740920067,-0.010116929188370706,-0.2157463,0.5491724000000012,9.7870367
6.872629880905151,-0.03458290987759174,-0.012359351526366195,0.05336328002433355,-0.9978996087379184,-0.0011108138132840395,0.017741939052939415,-0.01121525187045336,-0.2157463,0.5491724000000012,9.7870367
6.932160377502441,-0.03458846167861304,-0.01281439312480775,0.053597535514896044,-0.9978811220953523,-0.0006174007430672646,0.01822608895599842,-0.010529183782637121,-0.2157463,0.5491724000000012,9.7870367
6.9692864418029785,-0.0345832529605365,-0.013292665574267507,0.05385388896033555,-0.997861244011634,-0.0010709331836551428,0.01862523891031742,-0.011145900934934618,-0.2157463,0.5491724000000012,9.7870367
7.032745599746704,-0.034574129716066306,-0.013855712805004198,0.05413195896284301,-0.9978388546232737,-0.0010732368100434542,0.020560434088110924,-0.010977257043123247,-0.2157463,0.5491724000000012,9.7870367
7.07109522819519,-0.03455144169043783,-0.014303255038904386,0.05434662426487891,-0.9978216570126228,-0.001216965727508068,0.020320042967796326,-0.010623374022543432,-0.28439285000000003,0.5491724000000012,9.7674234
7.165922164916992,-0.03453991685998536,-0.014856943820357717,0.05460640610268763,-0.9977997824093632,-0.00021806289441883564,0.022164184600114822,-0.010859851725399498,-0.28439285000000003,0.5491724000000012,9.7674234
7.178180694580078,-0.034522185323768634,-0.015454197400179085,0.054886373648234676,-0.997775963075346,-0.0015953935217112303,0.02219107188284397,-0.010060493834316734,-0.28439285000000003,0.5491724000000012,9.7674234
7.233556509017944,-0.03451719225774226,-0.015988863732396722,0.05511645420055766,-0.9977550281264168,-0.0004334240220487118,0.022876346483826637,-0.010305332019925121,-0.28439285000000003,0.5491724000000012,9.7674234
7.2749950885772705,-0.034485546583991195,-0.016550717139760456,0.055369691341623284,-0.9977329392776888,-0.0012297885259613395,0.022692417725920677,-0.011612206697463993,-0.28439285000000003,0.5491724000000012,9.7674234
7.323210954666138,-0.0344631282186298,-0.017127222833988806,0.05563482435277711,-0.9977092348728747,-0.0030094091780483723,0.022607438266277313,-0.011481369845569137,-0.28439285000000003,0.5491724000000012,9.7674234
7.3723204135894775,-0.03445860344432362,-0.017717973307847305,0.055887618213505685,-0.9976849463638061,-0.00023513054475188255,0.023312175646424294,-0.010609387420117859,-0.28439285000000003,0.5491724000000012,9.7674234
7.424076795578003,-0.03443604017058472,-0.018298698453327076,0.05613840424135835,-0.9976611630917172,-0.0016433417331427336,0.023267189040780067,-0.010820412077009681,-0.28439285000000003,0.5491724000000012,9.7674234
7.476731300354004,-0.03440949893444422,-0.018877391577803534,0.05638763347238884,-0.9976372413165431,-0.002171864500269294,0.022664422169327736,-0.011540040373802189,-0.28439285000000003,0.5491724000000012,9.7674234
7.519599914550781,-0.034377043791440305,-0.019493545081772527,0.056648199432611346,-0.9976117491596364,-0.002342867199331522,0.02263178862631321,-0.010540121234953407,-0.28439285000000003,0.5491724000000012,9.7674234
7.597019672393799,-0.03433505364519962,-0.020040606431846773,0.05688476876144283,-0.9975888939177211,-0.0015414473600685596,0.021665656939148903,-0.010698491707444194,-0.392266,0.5295591000000012,9.77723005
7.618053436279297,-0.034312038254925264,-0.0206218470732065,0.05712709571288033,-0.9975639921275692,-0.002194903092458844,0.02287985011935234,-0.010406871326267723,-0.392266,0.5295591000000012,9.77723005
7.678033828735352,-0.03427574021170312,-0.0212618082700976,0.05742112869304039,-0.9975349232591522,-0.0014535450609400868,0.020942626520991325,-0.010598218999803068,-0.392266,0.5295591000000012,9.77723005
7.736979246139526,-0.03425784927095893,-0.021700273633577433,0.05761856801095061,-0.9975147109230638,-0.0025857961736619473,0.021359115839004517,-0.010406756773591045,-0.392266,0.5295591000000012,9.77723005
7.774161100387573,-0.034238866294720637,-0.022231708261714483,0.05783954737629238,-0.9974908711070611,-0.0018136525759473443,0.020656144246459007,-0.009656659327447416,-0.392266,0.5295591000000012,9.77723005
7.828650236129761,-0.03422125185750681,-0.02278956883208027,0.05809773015450648,-0.997463881664217,-0.0019454971188679338,0.019878139719367027,-0.010184554383158686,-0.392266,0.5295591000000012,9.77723005
7.871777772903442,-0.034199349479284324,-0.023265907449581107,0.05831966167176755,-0.9974406845062176,-0.0017259233864024282,0.019261866807937622,-0.009946439415216448,-0.392266,0.5295591000000012,9.77723005
7.9208173751831055,-0.03419428858606377,-0.02378967519666157,0.05856727011819762,-0.9974139947148487,-0.0009411323117092252,0.019933395087718964,-0.010617472231388094,-0.392266,0.5295591000000012,9.77723005
7.968799114227295,-0.034175201166235104,-0.024197631529022344,0.058781734385523754,-0.9973922187165203,-0.001091181067749858,0.016707899048924446,-0.009879106655716898,-0.392266,0.5295591000000012,9.77723005
8.018935918807983,-0.034169912493120534,-0.024708611229903435,0.059039221588931934,-0.9973646634634068,-0.002389542292803526,0.019782565534114838,-0.01098665874451399,-0.392266,0.5295591000000012,9.77723005
8.09259819984436,-0.03418345428763179,-0.025196146396795557,0.059298175428916966,-0.9973366392800966,0.0012384415604174137,0.018437804654240608,-0.011129010468721392,-0.4903325,0.5393657500000012,9.7674234
8.138602018356323,-0.034145138216313965,-0.02566595570557512,0.05956922246911056,-0.997309819458494,-0.0022812115494161844,0.0162361990660429,-0.010437363758683206,-0.4903325,0.5393657500000012,9.7674234
8.175142288208008,-0.03414565994274469,-0.026052256842116605,0.05979641528700902,-0.9972861888842793,-0.0009541038889437914,0.016381971538066864,-0.010156199336051943,-0.4903325,0.5393657500000012,9.7674234
8.231498003005981,-0.03411343352607969,-0.026474641252285297,0.06002987555381234,-0.9972621426007399,-0.0013419692404568195,0.016846701502799988,-0.010444604791700842,-0.4903325,0.5393657500000012,9.7674234
8.27315378189087,-0.034120106492011124,-0.026910882762436153,0.06030259004685623,-0.9972337842028624,-0.00022841687314212322,0.015900637954473495,-0.01100732944905758,-0.4903325,0.5393657500000012,9.7674234
8.32418155670166,-0.0340805481976356,-0.027285708934132017,0.06052700259874311,-0.9972113558714231,-0.0015916648553684354,0.0161452554166317,-0.010256882756948473,-0.4903325,0.5393657500000012,9.7674234
8.370277643203735,-0.034047347973075966,-0.02767596601769553,0.06078776241387085,-0.9971858738177664,-0.002224351279437542,0.01339991483837366,-0.010367737151682379,-0.4903325,0.5393657500000012,9.7674234
8.429230213165283,-0.0340278597180368,-0.02806180296686268,0.0610492650589467,-0.9971597801822039,0.00010253302752971649,0.01467236503958702,-0.010897251777350904,-0.4903325,0.5393657500000012,9.7674234
8.477624416351318,-0.0339842331378086,-0.02846202818145949,0.061287499465817685,-0.9971353104062959,-0.0027795936912298203,0.016231277957558632,-0.010641313157975675,-0.4903325,0.5393657500000012,9.7674234
8.528299331665039,-0.03396697789149701,-0.02887155274771102,0.061539027415520975,-0.9971086329781758,-0.00042690651025623083,0.015819814056158066,-0.010343819856643678,-0.4903325,0.5393657500000012,9.7674234
8.596822500228882,-0.0339120593562106,-0.029266013194516403,0.0617703461031035,-0.9970846990322448,-0.003918369300663471,0.01660745032131672,-0.010631765238940718,-0.588399,0.5001391500000012,9.77723005
8.632755041122437,-0.03390426661951484,-0.029696266895592262,0.06202896916730688,-0.9970561866923547,-0.0011913416674360633,0.016622131690382957,-0.01109642442315817,-0.588399,0.5001391500000012,9.77723005
8.676841497421265,-0.033842067829570485,-0.030090966889395603,0.06225180812307196,-0.9970325774728168,-0.0015450124628841877,0.015326729975640772,-0.009007574059069158,-0.588399,0.5001391500000012,9.77723005
8.727187156677246,-0.03377619180285251,-0.03046079141866428,0.06247171629616671,-0.997009826288817,-0.004175914451479912,0.014801085926592348,-0.010067587718367578,-0.588399,0.5001391500000012,9.77723005
8.774235248565674,-0.03371748879275189,-0.030863729208552685,0.06271015519141676,-0.9969844520376034,-0.0013029729016125202,0.015187494456768034,-0.010372042655944826,-0.588399,0.5001391500000012,9.77723005
8.826691627502441,-0.0336361139703663,-0.03125489503311434,0.06292228602256839,-0.9969616488587391,-0.003939639776945114,0.016575133427977562,-0.010575559921562673,-0.588399,0.5001391500000012,9.77723005
8.871644258499146,-0.03358022464524889,-0.031657643454439555,0.06314997389757743,-0.9969364287257345,-0.0031019968446344137,0.015955528244376183,-0.009324408136308195,-0.588399,0.5001391500000012,9.77723005
8.934990644454956,-0.03348019451757692,-0.032052349239738674,0.06335357132204239,-0.9969142633566951,-0.0046344930306077,0.016272632405161858,-0.009706212207674982,-0.588399,0.5001391500000012,9.77723005
8.983052968978882,-0.033389054727733535,-0.032542255719252004,0.0636261001594211,-0.9968840915550787,-0.0036933752708137035,0.01706189289689064,-0.010794123634696009,-0.588399,0.5001391500000012,9.77723005
9.097275733947754,-0.03329623054859728,-0.033064718615644494,0.06389850511815431,-0.9968525801028894,-0.00436958996579051,0.018060047179460526,-0.011739213950932028,-0.588399,0.5001391500000012,9.77723005
9.134206295013428,-0.0332316608477471,-0.033437446106403985,0.06409949194687242,-0.9968293981656713,-0.004533804953098297,0.01773817278444767,-0.010632882826030256,-0.67665885,0.5001391500000012,9.7478101
9.138788938522339,-0.03312356726288637,-0.03387284949434078,0.064336070902688,-0.9968030544394009,-0.0033336984924972057,0.01621064357459545,-0.009833289310336115,-0.67665885,0.5001391500000012,9.7478101
9.177308082580566,-0.03301908095094537,-0.0343100109642216,0.06455616073645037,-0.9967773400071649,-0.005212879739701748,0.017096593976020813,-0.009413179010152819,-0.67665885,0.5001391500000012,9.7478101
9.223642110824585,-0.032923650030252626,-0.0347654247729123,0.0647927619738059,-0.9967493649382726,-0.004107796587049961,0.01760914921760559,-0.011138333007693292,-0.67665885,0.5001391500000012,9.7478101
9.272104501724243,-0.03281778364731225,-0.03519792145461072,0.06501801862246764,-0.9967230089930511,-0.004187606740742922,0.01736258901655674,-0.009371206164360048,-0.67665885,0.5001391500000012,9.7478101
9.321254014968872,-0.03270709887280507,-0.03566677793510395,0.06524031137400821,-0.9966954541919386,-0.003880302654579282,0.019649391993880272,-0.01084939017891884,-0.67665885,0.5001391500000012,9.7478101
9.372675895690918,-0.032600193656749876,-0.036165526199154197,0.06546820285837707,-0.9966660406087764,-0.005564477294683456,0.018681198358535767,-0.009302134625613691,-0.67665885,0.5001391500000012,9.7478101
9.428682565689087,-0.03249806090709425,-0.03674591990270673,0.06572872205124064,-0.9966309991693483,-0.003122024703770876,0.020531674847006798,-0.011254642158746721,-0.67665885,0.5001391500000012,9.7478101
9.4820237159729,-0.032392003702580247,-0.03718255637094664,0.065940646346684,-0.99660425784623,-0.005994039587676525,0.01782393641769886,-0.009958862327039244,-0.67665885,0.5001391500000012,9.7478101
9.535534620285034,-0.03226313115279487,-0.03761547064707147,0.06615760035123808,-0.9965778136462715,-0.004501469433307648,0.01584569178521633,-0.009473366662859918,-0.67665885,0.5001391500000012,9.7478101
9.591900110244751,-0.03214471068893515,-0.03811383547727173,0.06639562885556666,-0.9965468747574345,-0.0065473029389977455,0.02063710056245327,-0.01141918357461691,-0.75511205,0.4412992500000012,9.75761675
9.626006364822388,-0.0320350593876459,-0.03860042775858611,0.06664961295607469,-0.9965147219382611,-0.0043006171472370625,0.015796741470694542,-0.009048874489963056,-0.75511205,0.4412992500000012,9.75761675
9.676202297210693,-0.031898958025541616,-0.03904545714020263,0.06685825045254729,-0.9964877736831604,-0.006960324011743069,0.01953016221523285,-0.010620810091495516,-0.75511205,0.4412992500000012,9.75761675
9.727198600769043,-0.03181801040208082,-0.03952363131816796,0.0670929672808524,-0.9964557343519727,-0.004297330975532532,0.01693539507687092,-0.009549907408654692,-0.75511205,0.4412992500000012,9.75761675
9.775835990905762,-0.03170157811908605,-0.04000073171410668,0.06730970727956764,-0.9964257898674815,-0.004401137121021748,0.018725307658314705,-0.009949784725904466,-0.75511205,0.4412992500000012,9.75761675
9.82368278503418,-0.03160383270189121,-0.04044238326553808,0.06754070309513976,-0.9963954359689571,-0.005707195028662682,0.017434967681765556,-0.010450111702084543,-0.75511205,0.4412992500000012,9.75761675
9.87312388420105,-0.031494071933778255,-0.0408343111866572,0.0677585540026287,-0.9963681351902087,-0.004279381595551968,0.01415769290179014,-0.010100905783474447,-0.75511205,0.4412992500000012,9.75761675
9.921979665756226,-0.03140730785568326,-0.04125497065065607,0.06799962152568395,-0.9963371216020387,-0.004140665289014578,0.01815439760684967,-0.010627976618707182,-0.75511205,0.4412992500000012,9.75761675
9.97323203086853,-0.031298431444215014,-0.0417016756978975,0.06823656355303354,-0.9963057511766114,-0.004836661741137505,0.01705889403820038,-0.010312700644135477,-0.75511205,0.4412992500000012,9.75761675
10.022773742675781,-0.03119696591968688,-0.04203055335435334,0.0684535786923936,-0.9962802263752588,-0.0043729087337851524,0.010425459593534468,-0.009730287827551367,-0.75511205,0.4412992500000012,9.75761675
10.084409713745117,-0.03108590600008422,-0.04236544329703341,0.06866058634228706,-0.9962552682648824,-0.005965288728475571,0.01478254236280918,-0.009506655856966974,-0.8433719,0.45110590000000117,9.71839015
10.12817931175232,-0.031010964739049317,-0.042785258874754865,0.06890114199698782,-0.9962230545015933,-0.0030375102069228888,0.014207325875759123,-0.009966848418116571,-0.8433719,0.45110590000000117,9.71839015
10.176377773284912,-0.03092273700432931,-0.043155174659252594,0.06912914697587796,-0.9961940454924822,-0.0036180296447128057,0.014277420938014982,-0.00977586302906275,-0.8433719,0.45110590000000117,9.71839015
10.225325345993042,-0.03084645337850518,-0.04352759293742183,0.06935110423861784,-0.9961647801985002,-0.003476320765912533,0.014956693165004252,-0.010860405862331392,-0.8433719,0.45110590000000117,9.71839015
10.273994207382202,-0.030756674162719502,-0.043883396293629785,0.06958520126762519,-0.9961356204296323,-0.0038385516963899136,0.013616926968097685,-0.010416701436042787,-0.8433719,0.45110590000000117,9.71839015
10.324074029922485,-0.030666227039469002,-0.04424112170415325,0.06981676150274241,-0.9961063826132182,-0.0037102040369063616,0.013746495358645914,-0.009888749569654466,-0.8433719,0.45110590000000117,9.71839015
10.371698141098022,-0.030584220210728083,-0.04453411519844775,0.07004865003624272,-0.9960795674471459,-0.003220104146748781,0.01044745836406946,-0.009815430268645288,-0.8433719,0.45110590000000117,9.71839015
10.420775413513184,-0.03047153724074357,-0.04475291977729701,0.07024907380171452,-0.9960590992604776,-0.004724184982478619,0.008440016768872736,-0.009171980433166029,-0.8433719,0.45110590000000117,9.71839015
10.470113039016724,-0.030384146584971135,-0.04498365945537162,0.07046472242133306,-0.9960361423725499,-0.004171631298959255,0.008777315728366373,-0.009399984963238241,-0.8433719,0.45110590000000117,9.71839015
10.520671367645264,-0.030260547571383613,-0.045100145359224623,0.07066534518694428,-0.9960204240570907,-0.004104083403944969,0.0027602605987340203,-0.008695482276380062,-0.8433719,0.45110590000000117,9.71839015
10.592829704284668,-0.030173633700356414,-0.04539717282619723,0.07091283071509341,-0.9959919773616037,-0.004361576866358519,0.01295799110084772,-0.010626151226460935,-0.89240515,0.4020726500000012,9.7281968
10.669203758239746,-0.030088870049604564,-0.045603872143333724,0.07110514803891888,-0.9959713874740761,-0.0026840469799935818,0.006323196925222873,-0.008594350889325142,-0.89240515,0.4020726500000012,9.7281968
10.677073955535889,-0.02996360222186841,-0.045758540962319814,0.07134239067826631,-0.9959511041026055,-0.005876634735614061,0.0053737801499664775,-0.00990586169064045,-0.89240515,0.4020726500000012,9.7281968
10.723705768585205,-0.0298850239654292,-0.045878398095039345,0.07153884213102812,-0.9959338592483793,-0.0032763821072876453,0.0037306912709027516,-0.009037293493747711,-0.89240515,0.4020726500000012,9.7281968
10.773828029632568,-0.02971793876720877,-0.04582711371388441,0.07174811590675839,-0.9959261657512135,-0.005857083015143871,-0.004961437080055476,-0.008188366889953613,-0.89240515,0.4020726500000012,9.7281968
10.824281454086304,-0.029597253530656967,-0.045752558750984405,0.07195689652761805,-0.9959181246434334,-0.0041676852852106094,-0.00150453462265432,-0.009460464119911194,-0.89240515,0.4020726500000012,9.7281968
10.875726461410522,-0.029442054201980344,-0.04578556446182038,0.07215945804603052,-0.9959065519142762,-0.0055880555883049965,0.0003550300898496051,-0.008219417184591293,-0.89240515,0.4020726500000012,9.7281968
10.92116403579712,-0.029344449926291667,-0.045771835047340566,0.07235826214752222,-0.9958956392483667,-0.004782187752425671,-0.0007372495019808422,-0.009166989475488663,-0.89240515,0.4020726500000012,9.7281968
10.970280408859253,-0.029213373398793832,-0.045753490532957984,0.07256345344496845,-0.9958854061300693,-0.004730006214231253,-0.0010550653096288453,-0.009451504796743393,-0.89240515,0.4020726500000012,9.7281968
11.019316673278809,-0.02909555331792867,-0.04576095447596244,0.07277029876269075,-0.9958734193865006,-0.005784215405583382,-0.0006987947272136818,-0.008626897819340229,-0.89240515,0.4020726500000012,9.7281968
11.072601318359375,-0.028983004157058203,-0.04568252656916142,0.07295478893678764,-0.9958668038485259,-0.0034203201066702604,-0.005641205236315728,-0.008375604636967182,-0.9218251,0.4020726500000012,9.7478101
11.128410577774048,-0.02885058228585828,-0.04563132821611247,0.07317057496644597,-0.995857164831423,-0.00590105913579464,-0.0020603903103619827,-0.009414059109985828,-0.9218251,0.4020726500000012,9.7478101
11.188117980957031,-0.028725989273646238,-0.045445544664738755,0.07333926034257526,-0.9958568536204284,-0.004137616138905287,-0.01019712630659342,-0.007603747770190238,-0.9218251,0.4020726500000012,9.7478101
11.224989414215088,-0.028547468705115406,-0.045238441666224614,0.073569196623744,-0.9958544566021075,-0.005658206529915333,-0.005027768202126027,-0.008733393624424934,-0.9218251,0.4020726500000012,9.7478101
11.274509191513062,-0.02842617632574225,-0.04510059879937633,0.07371756768671989,-0.9958532064023238,-0.006326120812445879,-0.008138385601341724,-0.006890944205224513,-0.9218251,0.4020726500000012,9.7478101
11.322415113449097,-0.028297046619233747,-0.04483166931763691,0.07389966657182145,-0.9958555306164627,-0.003678985871374607,-0.010319518856704237,-0.00809595640748739,-0.9218251,0.4020726500000012,9.7478101
11.37281847000122,-0.028139808689971266,-0.044652893696341005,0.0740702554246791,-0.9958553446724869,-0.0077110459096729755,-0.0075634955428540715,-0.006619645282626151,-0.9218251,0.4020726500000012,9.7478101
11.425589323043823,-0.028013287001818914,-0.04443664741325532,0.07424555155620982,-0.995855530783526,-0.0031725759617984295,-0.010280076414346695,-0.00706226099282503,-0.9218251,0.4020726500000012,9.7478101
11.475249528884888,-0.0278500879602456,-0.0441823913259005,0.0744065730911056,-0.9958594031178143,-0.005600099451839924,-0.01165015157312155,-0.007591834291815756,-0.9218251,0.4020726500000012,9.7478101
11.529317617416382,-0.027727987140904325,-0.04392778344838593,0.07458085582525426,-0.9958610367490025,-0.00399019755423069,-0.009671977721154692,-0.007154545746743678,-0.9218251,0.4020726500000012,9.7478101
11.57991361618042,-0.027582406224924104,-0.04371088529724783,0.07473571717593053,-0.9958630136477473,-0.0033840257674455643,-0.009973682463169098,-0.006669477559626102,-0.87279185,0.3628460500000012,9.7478101
11.628278732299805,-0.027439653891596902,-0.04337077582404982,0.07490217883245215,-0.9958693211485534,-0.005022956058382988,-0.015531305223703384,-0.006616349332034586,-0.87279185,0.3628460500000012,9.7478101
11.678836822509766,-0.027300172960468237,-0.043054541606445396,0.07507225300534276,-0.9958740702679678,-0.0033531105145812035,-0.011297776363790035,-0.00654418673366308,-0.87279185,0.3628460500000012,9.7478101
11.743383646011353,-0.027170920188316197,-0.04272894983030015,0.07520730966751077,-0.9958814379809953,-0.0021416691597551107,-0.015176648274064064,-0.0056204386055469496,-0.87279185,0.3628460500000012,9.7478101
11.797842025756836,-0.027024748801903253,-0.042367961990833834,0.07535714804830035,-0.9958895114353619,-0.0038860177155584097,-0.015268197283148766,-0.006715707946568726,-0.87279185,0.3628460500000012,9.7478101
11.828738927841187,-0.026915312365271442,-0.04195569103164468,0.07550541891003604,-0.9958986984957643,-0.0029983092099428177,-0.016742438077926636,-0.006575749721378086,-0.87279185,0.3628460500000012,9.7478101
11.869757652282715,-0.026795394263324182,-0.0415172148773035,0.0756421259818793,-0.9959099339257773,-0.002934582531452179,-0.017921878024935722,-0.005083647556602952,-0.87279185,0.3628460500000012,9.7478101
11.918418645858765,-0.026658700874181124,-0.041034377999031875,0.07575840551112067,-0.9959247750128251,-0.0033847237937152386,-0.020814266055822372,-0.004899526946246621,-0.87279185,0.3628460500000012,9.7478101
11.96755075454712,-0.026559579655684475,-0.04051852594396812,0.07588794672543309,-0.9959386815088763,-0.0031204174738377333,-0.0214125644415617,-0.005591469816863534,-0.87279185,0.3628460500000012,9.7478101
12.030656814575195,-0.026475828481735877,-0.03998707045055802,0.07600303529802144,-0.9959536150486505,-0.001168512855656445,-0.02078157477080822,-0.005094108171761033,-0.87279185,0.3628460500000012,9.7478101
12.09919786453247,-0.026399998278951523,-0.03947644319936689,0.07609317353488643,-0.9959691157182478,-0.0005149381468072534,-0.022406751289963722,-0.0036476254463195775,-0.8041453000000001,0.3628460500000012,9.7478101
12.133598804473877,-0.026319907715295687,-0.038910427064056605,0.07620380074832156,-0.9959850510299142,-0.0007706497563049197,-0.022801103070378304,-0.004213941283524034,-0.8041453000000001,0.3628460500000012,9.7478101
12.197725772857666,-0.026265716491031765,-0.0383109988445541,0.07630258118951128,-0.9960021564276673,-0.0008635059930384159,-0.02429889515042305,-0.004327668342739341,-0.8041453000000001,0.3628460500000012,9.7478101
12.225985527038574,-0.0262138893131315,-0.03766404220467926,0.07638716515571059,-0.9960217130822788,0.0009475185070186853,-0.026920076459646225,-0.0027537527494132484,-0.8041453000000001,0.3628460500000012,9.7478101
12.272382259368896,-0.026163277150341675,-0.036934787264363146,0.07644412900528269,-0.996045982652967,-0.00021375063806772232,-0.028612781316041946,-0.0014357657637447084,-0.8041453000000001,0.3628460500000012,9.7478101
12.321803569793701,-0.026123083993219658,-0.03619086598660303,0.07650154938644549,-0.9960699366225727,8.161715231835842e-5,-0.032244972884655,-0.0022432906553149184,-0.8041453000000001,0.3628460500000012,9.7478101
12.369706153869629,-0.026119287110885212,-0.03546343215319961,0.07655266505587338,-0.9960922734835251,0.0008699747268110514,-0.027770357206463814,-0.001882201293483373,-0.8041453000000001,0.3628460500000012,9.7478101
12.427964210510254,-0.026130374937736164,-0.034711817799017,0.07659850378938943,-0.9961149343463975,0.00520758330821991,-0.02943372167646885,-0.0016808055806904994,-0.8041453000000001,0.3628460500000012,9.7478101
12.481627464294434,-0.026126414794274754,-0.033934703477037045,0.07661829444139956,-0.9961402929842835,0.0009329721797257662,-0.03146129846572876,-0.000389818975236263,-0.8041453000000001,0.3628460500000012,9.7478101
12.529799461364746,-0.026116037301085377,-0.033237637755701294,0.076631189571495,-0.9961630754133415,0.0014618472196161747,-0.03252919018268585,-0.0008508255705237348,-0.8041453000000001,0.3628460500000012,9.7478101
12.584392309188843,-0.026148465190159377,-0.032280601527336354,0.0766617191320087,-0.9961913477605382,0.003286690916866064,-0.040183015167713165,-0.0007014418370090376,-0.65704555,0.3628460500000012,9.7674234
12.624350547790527,-0.0261348279489448,-0.03128060170609583,0.07667175005431448,-0.9962228352475125,0.0013947677798569202,-0.03610602021217346,9.030639193952525e-5,-0.65704555,0.3628460500000012,9.7674234
12.674595355987549,-0.02617106835545699,-0.030411684929910702,0.07667859724506604,-0.9962482608895167,0.0041376822628080845,-0.036267876625061035,0.0005879770033061549,-0.65704555,0.3628460500000012,9.7674234
12.720905542373657,-0.026183828634626583,-0.0295344804856338,0.07664954301348792,-0.9962765525376475,0.0009036778938025236,-0.03575095906853676,0.001124657923355703,-0.65704555,0.3628460500000012,9.7674234
12.770880222320557,-0.026239065336811435,-0.028538680981530395,0.07663061329667903,-0.9963055777440272,0.00691593624651432,-0.03861808031797409,0.0003699351800605702,-0.65704555,0.3628460500000012,9.7674234
12.825181484222412,-0.026236313524849262,-0.02762070186587666,0.07661403807833883,-0.9963327967353042,0.001680891029536724,-0.039336975663900375,0.001391872647218411,-0.65704555,0.3628460500000012,9.7674234
12.880053043365479,-0.026291425783803706,-0.026601301725956157,0.07658057173292349,-0.9963616550780132,0.004837708082050085,-0.038845982402563095,0.0007783923065289903,-0.65704555,0.3628460500000012,9.7674234
12.930121183395386,-0.0263392595946498,-0.025560492989068807,0.07657243259532087,-0.9963882612559206,0.005077371373772621,-0.04262261465191841,0.0006864720489829831,-0.65704555,0.3628460500000012,9.7674234
12.977285623550415,-0.026397602205768957,-0.024562925056668832,0.0765171307434378,-0.9964160566817648,0.0045517003163695335,-0.03962146118283272,0.002319467021152382,-0.65704555,0.3628460500000012,9.7674234
13.025216341018677,-0.026449060782456377,-0.023422946081737256,0.07648412787555087,-0.9964446753150394,0.006016033701598644,-0.04431196674704552,0.001553515787236398,-0.65704555,0.3628460500000012,9.7674234
13.080583095550537,-0.026508909710617347,-0.02242106738582969,0.07642709939578723,-0.9964705073012352,0.0032653678208589554,-0.04041655734181404,0.0032173215877264786,-0.46091255,0.3628460500000012,9.77723005
13.128713607788086,-0.026589193937772017,-0.021352090461210917,0.07635860102674341,-0.9964970983640216,0.009020487777888775,-0.043966539204120636,0.002660410711541777,-0.46091255,0.3628460500000012,9.77723005
13.18097186088562,-0.026658673776976,-0.02005761128487955,0.0762816786752537,-0.9965280291293781,0.004283218644559383,-0.04491527006030083,0.0037525012157857474,-0.46091255,0.3628460500000012,9.77723005
13.223519086837769,-0.026744356329372075,-0.019069336893222086,0.07620713383477035,-0.996550837914288,0.006987821310758591,-0.04374603554606438,0.003823709674179559,-0.46091255,0.3628460500000012,9.77723005
13.26823616027832,-0.02683450655884327,-0.017960134539234056,0.07612678279991242,-0.9965751631290088,0.007289852946996689,-0.04546857252717018,0.003935953602194791,-0.46091255,0.3628460500000012,9.77723005
13.353421449661255,-0.026940080768241316,-0.01674692078295031,0.07602336804758364,-0.9966013346384759,0.007230604998767376,-0.04633728414773941,0.004855481442064053,-0.46091255,0.3628460500000012,9.77723005
13.376293420791626,-0.027034222481644107,-0.015596541308881225,0.07591829729056865,-0.9966254616707894,0.00743838120251894,-0.045761361718177795,0.004803068470209842,-0.46091255,0.3628460500000012,9.77723005
13.424753189086914,-0.027133137183409827,-0.014453045944952655,0.07581068616904757,-0.9966482038272468,0.007859468460083008,-0.046195100992918015,0.005337340757250792,-0.46091255,0.3628460500000012,9.77723005
13.474119663238525,-0.02723817774924671,-0.013104796594136613,0.07568306853156775,-0.996673677347191,0.00829988718032837,-0.04852323606610298,0.004970672540366656,-0.46091255,0.3628460500000012,9.77723005
13.52384328842163,-0.027341407788226593,-0.011917312430352113,0.07558199266351673,-0.9966934270223755,0.007765898946672678,-0.050081271678209305,0.0053968969732523025,-0.46091255,0.3628460500000012,9.77723005
13.573667764663696,-0.027456004188080824,-0.010700590276394372,0.07546081129272175,-0.9967132642645051,0.009001871570944786,-0.04986678063869476,0.006403945852071053,-0.2353596,0.4216859500000012,9.77723005
13.625116109848022,-0.027572701211556444,-0.009454084038964498,0.07532265676283767,-0.9967330955782847,0.007537221070379019,-0.0490756630897522,0.0063024600967764915,-0.2353596,0.4216859500000012,9.77723005
13.669947147369385,-0.02769701106847878,-0.008067933904024006,0.07520522269122631,-0.9967507002758291,0.009028546512126923,-0.055608827620744705,0.005539890844374902,-0.2353596,0.4216859500000012,9.77723005
13.722293853759766,-0.027799415514483113,-0.0066188311636589765,0.07508697245905954,-0.9967674403480545,0.008383495733141899,-0.0581442192196846,0.005815312266349799,-0.2353596,0.4216859500000012,9.77723005
13.77869439125061,-0.027945474538917735,-0.00524673708616829,0.07497226119756772,-0.9967801574337576,0.010007797740399837,-0.052268508821725845,0.005925820674747235,-0.2353596,0.4216859500000012,9.77723005
13.826920986175537,-0.02806409388821928,-0.0037751790181538964,0.07484218519860336,-0.9967932593934974,0.008018537424504757,-0.05697914958000183,0.00661126850172878,-0.2353596,0.4216859500000012,9.77723005
13.876079797744751,-0.028229372959154453,-0.0023363118064890494,0.07473877227212661,-0.9968007624739916,0.011065559461712837,-0.05759395286440849,0.005074207205325372,-0.2353596,0.4216859500000012,9.77723005
13.925595998764038,-0.028390292582443515,-0.0010388610330203465,0.07459993123933822,-0.9968087892439168,0.013141274452209473,-0.0493641123175621,0.008335481397807603,-0.2353596,0.4216859500000012,9.77723005
13.97411584854126,-0.028521122093305772,0.0003444672643565037,0.07444349106188325,-0.9968172317809126,0.009051079861819744,-0.05348064377903938,0.006797108799219138,-0.2353596,0.4216859500000012,9.77723005
14.043992519378662,-0.028713621608478773,0.0018154960570865859,0.07426807109506917,-0.9968231967224728,0.009730912744998932,-0.05386898294091225,0.006596506573259837,-0.2353596,0.4216859500000012,9.77723005
14.070938348770142,-0.028852913681261385,0.002920659908455037,0.07408955111726934,-0.9968298337896203,0.009451807476580143,-0.048286549746990204,0.008791453205049043,0.0392266,0.4805258500000012,9.71839015
14.121468782424927,-0.029044641303321534,0.004207549169220935,0.07392222844086715,-0.9968320869052552,0.012366389855742455,-0.054513148963451385,0.008675005286931999,0.0392266,0.4805258500000012,9.71839015
14.172337293624878,-0.02919971323097942,0.005516543988540244,0.07372240717508521,-0.996835970042194,0.009001272730529308,-0.04911491647362709,0.00761400535702706,0.0392266,0.4805258500000012,9.71839015
14.217819929122925,-0.02942435669092348,0.00682156133858336,0.07352910096217796,-0.9968355656004271,0.013856388628482819,-0.05139975622296333,0.007876232266426093,0.0392266,0.4805258500000012,9.71839015
14.267510414123535,-0.029591491506345068,0.008170615466444658,0.07334529244170163,-0.9968340146433461,0.009519543498754501,-0.054999493062496185,0.008366020396351821,0.0392266,0.4805258500000012,9.71839015
14.327549934387207,-0.02983559853731891,0.009544734339931932,0.073170294590574,-0.9968273888170551,0.012420443817973137,-0.0512055866420269,0.007722730282694107,0.0392266,0.4805258500000012,9.71839015
14.37412977218628,-0.030063146746903087,0.010987887616283356,0.07298448141534891,-0.9968193111120685,0.012531549669802189,-0.054918285459280014,0.006516479887068279,0.0392266,0.4805258500000012,9.71839015
14.424085140228271,-0.030343697807086706,0.012285423360595401,0.0727935253384035,-0.9968096262802895,0.016433220356702805,-0.05043567717075348,0.008942585438489921,0.0392266,0.4805258500000012,9.71839015
14.472383975982666,-0.03054936269057594,0.013528092926328976,0.07257417682829481,-0.9968032483889044,0.01203169021755457,-0.049193959683179855,0.008796482346951967,0.0392266,0.4805258500000012,9.71839015
14.522170305252075,-0.030837538463627308,0.014846401077934045,0.07238860240312378,-0.9967891054975769,0.01445287000387907,-0.052867449820041656,0.008345357142388828,0.0392266,0.4805258500000012,9.71839015
14.581845760345459,-0.03107738945232425,0.0161522227965091,0.07217023647333942,-0.9967771860004335,0.013059362769126892,-0.051449619233608246,0.009195806458592422,0.28439285000000003,0.5197524500000011,9.77723005
14.623977184295654,-0.031369144753527145,0.01745813949236399,0.0719686034194642,-0.9967606082930591,0.016150645911693573,-0.05034179985523224,0.007902715355157859,0.28439285000000003,0.5197524500000011,9.77723005
14.669008731842041,-0.03164919970764055,0.01875089134701258,0.07178257059366427,-0.9967416891003025,0.0137405414134264,-0.051798950880765915,0.008458810858428485,0.28439285000000003,0.5197524500000011,9.77723005
14.748926639556885,-0.03195841271259947,0.020097834986934234,0.07151643588821338,-0.9967247043610266,0.016385965049266815,-0.04934278503060341,0.008211385458707815,0.28439285000000003,0.5197524500000011,9.77723005
14.804458618164062,-0.032260866502396575,0.02131653663978256,0.07133518897174068,-0.9967026299616979,0.01765594258904457,-0.049174439162015915,0.008407418616116052,0.28439285000000003,0.5197524500000011,9.77723005
14.845834732055664,-0.032501737861866366,0.02247386579992109,0.07109523025630593,-0.9966865257576067,0.01101568154990673,-0.047556374222040176,0.010083387605845933,0.28439285000000003,0.5197524500000011,9.77723005
14.876112461090088,-0.032851443516904104,0.023680512506318068,0.07089162632473073,-0.9966616242754252,0.018526911735534668,-0.04766371473670006,0.007816525176167493,0.28439285000000003,0.5197524500000011,9.77723005
14.927225351333618,-0.033174717978394795,0.024978184835978863,0.07068876776253008,-0.9966336470747759,0.015576403588056564,-0.05008448287844658,0.007978674024343498,0.28439285000000003,0.5197524500000011,9.77723005
14.973240852355957,-0.033513550380277354,0.026223433926424164,0.07051119052760374,-0.996602902596814,0.018323514610528946,-0.04936475679278374,0.007783214561641222,0.28439285000000003,0.5197524500000011,9.77723005
15.02182149887085,-0.03385734799525042,0.027490466921711757,0.07030063613908255,-0.9965720118353691,0.015558451414108276,-0.046333201229572296,0.009178118780255323,0.28439285000000003,0.5197524500000011,9.77723005
15.073307275772095,-0.034215134673479905,0.02877210121459706,0.0700950848122236,-0.9965380925163572,0.018653418868780136,-0.04933654144406319,0.008055388927459722,0.5295591,0.5785923500000012,9.7674234
15.120561122894287,-0.03457989585467034,0.030001712935010288,0.06992106611516913,-0.9965014663998057,0.019156917929649353,-0.04957440122961998,0.0072875386103987755,0.5295591,0.5785923500000012,9.7674234
15.170972108840942,-0.0349578128330194,0.03125892512405433,0.06972740947045758,-0.9964632051865033,0.019770080223679543,-0.046173423528671265,0.009035387076437479,0.5295591,0.5785923500000012,9.7674234
15.217876434326172,-0.035307570223313246,0.03250580591382995,0.06952592586657114,-0.9964250567399509,0.017803266644477844,-0.04895233362913132,0.007999089546501642,0.5295591,0.5785923500000012,9.7674234
15.280804872512817,-0.035697299573839665,0.03367608476937236,0.06930324710683466,-0.9963878181000563,0.018837202340364456,-0.04496521130204201,0.008590422570705419,0.5295591,0.5785923500000012,9.7674234
15.32012414932251,-0.03605146477725226,0.034849722085370356,0.06908930982027317,-0.9963495651760708,0.018279651179909706,-0.04725729301571846,0.009238857775926595,0.5295591,0.5785923500000012,9.7674234
15.37457013130188,-0.03645703456403741,0.03609301001724466,0.06888795602661701,-0.9963044859746273,0.018475651741027832,-0.04728066548705101,0.008170230314135557,0.5295591,0.5785923500000012,9.7674234
15.423960208892822,-0.03689035381548047,0.037413593267447795,0.06868145393173858,-0.9962540753843916,0.018923848867416382,-0.046245962381362915,0.007847734726965433,0.5295591,0.5785923500000012,9.7674234
15.471919298171997,-0.03725749707143084,0.03853016514275006,0.06852702714694481,-0.99620848813712,0.01932237111032009,-0.047574713826179504,0.007181863300502306,0.5295591,0.5785923500000012,9.7674234
15.53212285041809,-0.037669399361989236,0.039708847229754575,0.06836267375374233,-0.9961580038531188,0.020138368010520935,-0.045773524791002274,0.007900860160589223,0.5295591,0.5785923500000012,9.7674234
15.601261377334595,-0.03808587645518207,0.04090655708034548,0.06820595153480291,-0.9961044462192231,0.018867064267396927,-0.04419523850083351,0.006954738404601818,0.73549875,0.6668522000000012,9.75761675
15.622734785079956,-0.03850252417715812,0.04202578770489944,0.06804279180476897,-0.9960529942142552,0.021661896258592606,-0.044093165546655655,0.006679333280771976,0.73549875,0.6668522000000012,9.75761675
15.678909063339233,-0.03897995372383318,0.04335164124214081,0.067851040172274,-0.9959906800552105,0.019408514723181725,-0.04278428852558136,0.006774425506591802,0.73549875,0.6668522000000012,9.75761675
15.751358270645142,-0.039319620402243106,0.044261234764682446,0.06772162735153148,-0.9959461289333825,0.019977740943431854,-0.04117890074849129,0.006638177670538431,0.73549875,0.6668522000000012,9.75761675
15.775811195373535,-0.03970483645985285,0.04525332988584599,0.06757392605076956,-0.9958962931018593,0.019066378474235535,-0.03952595591545105,0.005850428249686962,0.73549875,0.6668522000000012,9.75761675
15.82655119895935,-0.04009933733293117,0.046247541923520846,0.06740346605893144,-0.9958463640415294,0.02005145139992237,-0.03758692741394043,0.007075401023030285,0.73549875,0.6668522000000012,9.75761675
15.87501335144043,-0.04045272198690082,0.04722823403157984,0.0672316239591429,-0.9957976601367999,0.01649590954184532,-0.035662345588207245,0.007026936393231158,0.73549875,0.6668522000000012,9.75761675
15.926486015319824,-0.04078443673898665,0.0480990531446655,0.06709226060092555,-0.9957518462819577,0.017680702731013298,-0.035550594329833984,0.006033450365066533,0.73549875,0.6668522000000012,9.75761675
15.972394466400146,-0.041163993771715736,0.04906267621922925,0.06694727583296112,-0.9956989714153144,0.01653178781270981,-0.03529803827404976,0.005921721458435063,0.73549875,0.6668522000000012,9.75761675
16.022706747055054,-0.041478890899008726,0.04989173600731026,0.06678980989231798,-0.9956552804974788,0.01637149229645729,-0.033311355859041214,0.006228514015674595,0.73549875,0.6668522000000012,9.75761675
16.07452917098999,-0.041768746308659524,0.050773303250582436,0.0666299244467658,-0.9956093092559177,0.013899208977818489,-0.03338974341750145,0.007126371376216416,0.9610517000000001,0.7845320000000012,9.6889702
16.123998403549194,-0.04210549039999134,0.05165430620779331,0.06648737974063379,-0.9955593345770972,0.015203865244984627,-0.033346567302942276,0.006007773801684384,0.9610517000000001,0.7845320000000012,9.6889702
16.185997486114502,-0.04241994829522468,0.052545306882672095,0.06634692342048154,-0.9955087264629442,0.013253159821033478,-0.03216221183538437,0.0055050607770681425,0.9610517000000001,0.7845320000000012,9.6889702
16.229056119918823,-0.04272259581093124,0.05343302114899538,0.06621192689987587,-0.9954575193318256,0.013696255162358284,-0.03239031136035919,0.005864385981112723,0.9610517000000001,0.7845320000000012,9.6889702
16.282670259475708,-0.04299948110006454,0.0541889544348455,0.06611639259641994,-0.9954110831573152,0.015367074869573116,-0.032059844583272934,0.0043147164396941705,0.9610517000000001,0.7845320000000012,9.6889702
16.32967734336853,-0.04325891099815381,0.05498911347762306,0.0659919085303936,-0.9953642207889106,0.01247481070458889,-0.030622009187936783,0.005283095873892311,0.9610517000000001,0.7845320000000012,9.6889702
16.372706413269043,-0.0435365769154821,0.05577674879504492,0.06585796444998254,-0.9953171601468759,0.012453645467758179,-0.02843281254172325,0.005439013708382848,0.9610517000000001,0.7845320000000012,9.6889702
16.420949459075928,-0.04378481542391559,0.056500230097648985,0.06573183530759441,-0.995273801405574,0.01291388738900423,-0.028785165399312973,0.006045511923730377,0.9610517000000001,0.7845320000000012,9.6889702
16.484775066375732,-0.04405049266119111,0.057247067816722945,0.06559127966509931,-0.9952286728961282,0.013176072388887405,-0.029231833294034004,0.005175889935344461,0.9610517000000001,0.7845320000000012,9.6889702
16.519912481307983,-0.04431027190979507,0.05799248015444541,0.06544470410079362,-0.9951836326799068,0.01301621925085783,-0.026956770569086075,0.00559737998992205,0.9610517000000001,0.7845320000000012,9.6889702
16.57026505470276,-0.044545402289430484,0.05870832391739458,0.06531021752386024,-0.9951399978518949,0.011256327852606773,-0.02765374258160591,0.004960373975336555,1.0983448,0.8237586000000012,9.6889702
16.627753496170044,-0.044857789516411735,0.05952258035082725,0.06521001635455514,-0.995084164739405,0.012850642204284668,-0.028625261038541794,0.0038216148968786036,1.0983448,0.8237586000000012,9.6889702
16.683451652526855,-0.04510805882341902,0.0601981399299409,0.06514008515274494,-0.995036791422534,0.01222288329154253,-0.02761952020227909,0.003286293707787994,1.0983448,0.8237586000000012,9.6889702
16.72511863708496,-0.04537422149953972,0.06090764552549638,0.06504250499249775,-0.9949878950440312,0.013283993117511272,-0.027428993955254555,0.004094874486327175,1.0983448,0.8237586000000012,9.6889702
16.829095363616943,-0.04563233073072228,0.06161342263734553,0.06494241191272548,-0.994939173858358,0.012486295774579048,-0.026036828756332397,0.004010115750133995,1.0983448,0.8237586000000012,9.6889702
16.83152985572815,-0.04585690400664276,0.062292957788492066,0.06482569812239164,-0.994894145438514,0.010616760700941086,-0.026226932182908058,0.0051412116736173664,1.0983448,0.8237586000000012,9.6889702
16.872490167617798,-0.04611970492110585,0.06297397248026937,0.06473200344162766,-0.9948452238104566,0.013265714049339294,-0.026546334847807884,0.003960029687732462,1.0983448,0.8237586000000012,9.6889702
16.925262928009033,-0.04634704587164551,0.0636558919200175,0.06464183829619224,-0.9947971207761548,0.01168789342045784,-0.026082102209329605,0.0035572266206145317,1.0983448,0.8237586000000012,9.6889702
16.970933198928833,-0.04660148837773637,0.06433607654216042,0.06456429852177747,-0.9947465113748989,0.012532575987279415,-0.0258804764598608,0.0026459391228854687,1.0983448,0.8237586000000012,9.6889702
17.01873230934143,-0.04681630504479697,0.06500914694063054,0.06446312858718917,-0.9946992256198632,0.00995329488068819,-0.02540702372789383,0.004591018892824653,1.0983448,0.8237586000000012,9.6889702
17.0796058177948,-0.04706531246015512,0.06569422280740406,0.06437010589612957,-0.99464848812014,0.010820943862199783,-0.025513818487524986,0.004079153295606378,1.24544455,0.8924051500000011,9.65955025
17.127924919128418,-0.04730083821617167,0.06633917404955274,0.06428437345280608,-0.9946000522925035,0.010967457666993141,-0.02457636035978794,0.0034449491649866134,1.24544455,0.8924051500000011,9.65955025
17.176719903945923,-0.04749584682224176,0.06694613229686014,0.06419349365908633,-0.9945559588464441,0.010796526446938515,-0.02547767385840416,0.0035306313075125248,1.24544455,0.8924051500000011,9.65955025
17.225948333740234,-0.04771348066690718,0.06754899661287725,0.06408832600091408,-0.9945115601588763,0.012007630430161953,-0.02266472578048706,0.003495323937386277,1.24544455,0.8924051500000011,9.65955025
17.274328470230103,-0.047914934301182814,0.06813719891324771,0.063990106168069,-0.9944680726437471,0.010276468470692635,-0.02303672581911087,0.004311354830861094,1.24544455,0.8924051500000011,9.65955025
17.347635507583618,-0.04815839881415295,0.06878900890115464,0.0638872756952022,-0.994418049354646,0.009912056848406792,-0.022448180243372917,0.004210524726659062,1.24544455,0.8924051500000011,9.65955025
17.445282220840454,-0.04838058220714524,0.06935100394381541,0.06380844693992155,-0.9943732898747824,0.01128584984689951,-0.022455742582678795,0.0032577090896666076,1.24544455,0.8924051500000011,9.65955025
17.478127479553223,-0.04859865781937113,0.0698903157194891,0.0637370377485566,-0.9943294746942911,0.010518270544707775,-0.021513205021619797,0.003215472679585221,1.24544455,0.8924051500000011,9.65955025
17.49784207344055,-0.04883686749441811,0.070458429032647,0.06365490046026806,-0.9942829696816583,0.012811467051506042,-0.020923875272274017,0.0025633662007749107,1.24544455,0.8924051500000011,9.65955025
17.521241664886475,-0.04905709801323942,0.07100857151811972,0.06357152783574166,-0.9942383239214353,0.009629529900848866,-0.020585905760526657,0.0038292349781841066,1.24544455,0.8924051500000011,9.65955025
17.57789421081543,-0.049290564521221415,0.07154730563126882,0.06350454366407687,-0.9941924342098478,0.011149566620588303,-0.020100951194763184,0.0029039876535534885,1.34351105,0.9316317500000011,9.639936950000001
17.627595901489258,-0.049549167411610695,0.07210759468278,0.06344290494891636,-0.9941430342810449,0.009962947107851505,-0.018932852894067764,0.002558605279773476,1.34351105,0.9316317500000011,9.639936950000001
17.687434673309326,-0.04973820562556563,0.07256794323589796,0.06337150345165793,-0.9941046509628334,0.010252432897686958,-0.018913643434643745,0.0028174694161862157,1.34351105,0.9316317500000011,9.639936950000001
17.725088119506836,-0.04995609732700831,0.07304780373203437,0.06329343237238666,-0.9940635533648253,0.010654824785888195,-0.017260678112506866,0.002184420358389618,1.34351105,0.9316317500000011,9.639936950000001
17.7765793800354,-0.05011494901860458,0.07346758096493725,0.06323407369660722,-0.9940283991696389,0.0074033187702298164,-0.017295289784669876,0.002864691196009519,1.34351105,0.9316317500000011,9.639936950000001
17.823227405548096,-0.050308707512755284,0.07388007217472822,0.06318771074024243,-0.9939909869285839,0.010269884020090103,-0.01520535908639431,0.0015461398288607617,1.34351105,0.9316317500000011,9.639936950000001
17.873083353042603,-0.050453676149668565,0.07425461822584016,0.0631044479841461,-0.9939610187928575,0.006765197031199932,-0.014409861527383327,0.0031359088607132452,1.34351105,0.9316317500000011,9.639936950000001
17.920559644699097,-0.05061088904244825,0.07460833791991141,0.06303769337816872,-0.9939307737648135,0.008852320723235607,-0.0134538309648633,0.0014833071036264318,1.34351105,0.9316317500000011,9.639936950000001
17.969592571258545,-0.05074533204133758,0.07494427347641097,0.06296774570609776,-0.9939030788511521,0.0063931806944310665,-0.012628044933080673,0.002864769427105786,1.34351105,0.9316317500000011,9.639936950000001
18.028446435928345,-0.0509062677944414,0.07530725562568458,0.06291085487174192,-0.9938710145127861,0.006090153940021992,-0.012080103158950806,0.0015265838010236636,1.34351105,0.9316317500000011,9.639936950000001
18.10038685798645,-0.05102465590998119,0.07561444135177456,0.0628559694365039,-0.9938450924839969,0.005357908084988594,-0.012006950564682484,0.001561156590469183,1.44157755,0.9708583500000011,9.639936950000001
18.127357721328735,-0.051178415003422746,0.07594400551692294,0.06280635224766745,-0.9938151940784186,0.007344113662838936,-0.01109733060002327,0.0010677848476916565,1.44157755,0.9708583500000011,9.639936950000001
18.175726175308228,-0.05132597330316469,0.07621566837433084,0.06275087504778587,-0.9937902917816586,0.007874313741922379,-0.010666701942682266,0.0018218860495835556,1.44157755,0.9708583500000011,9.639936950000001
18.224480152130127,-0.051452617899923905,0.07650504273522404,0.06270350378287709,-0.9937644978367244,0.0071271611377596855,-0.010871457867324352,0.001150932861492039,1.44157755,0.9708583500000011,9.639936950000001
18.27450728416443,-0.05160463466819669,0.0767724303955803,0.06264916336216653,-0.9937394215497031,0.007328597828745842,-0.010107030160725117,0.0018983589252457036,1.44157755,0.9708583500000011,9.639936950000001
18.325657606124878,-0.05173443654605184,0.07703083229791784,0.06258721021074098,-0.9937165793468423,0.007294919341802597,-0.009310896508395672,0.0016419675666838895,1.44157755,0.9708583500000011,9.639936950000001
18.396580696105957,-0.05188958654454698,0.07727447406518881,0.06252318790757228,-0.9936936034009975,0.007584108971059322,-0.008951747789978981,0.0024221106432378305,1.44157755,0.9708583500000011,9.639936950000001
18.429202556610107,-0.05202696939857115,0.07750592448826973,0.06246446632385378,-0.9936720870444609,0.006701922044157982,-0.00814511813223362,0.000893587595783175,1.44157755,0.9708583500000011,9.639936950000001
18.488125562667847,-0.05215441043167872,0.07770577373087154,0.06240063179075012,-0.9936538086041464,0.006113037932664156,-0.007476845756173134,0.0019674012437462815,1.44157755,0.9708583500000011,9.639936950000001
18.520298957824707,-0.052251287257887045,0.07789964418116825,0.062346386156755924,-0.9936369440341548,0.002916778204962611,-0.006331846117973328,0.001934877480380238,1.44157755,0.9708583500000011,9.639936950000001
18.6264750957489,-0.052388459729311894,0.07806467801618773,0.06230235202318563,-0.9936195309401875,0.005130772478878498,-0.005819900427013636,0.001107900636270643,1.4709975,1.000278300000001,9.62032365
18.627751350402832,-0.052461244365834755,0.07818658407559734,0.06224242638136852,-0.9936098611972093,0.0031060557812452316,-0.004304990172386169,0.00264495424926281,1.4709975,1.000278300000001,9.62032365
18.67613649368286,-0.052559427878972775,0.07830528088661332,0.06218063047372042,-0.9935991942026696,0.004153628833591938,-0.003552791429683566,0.0014722128398716454,1.4709975,1.000278300000001,9.62032365
18.729567527770996,-0.052615928231082736,0.07837993171072605,0.06211884649939942,-0.9935941824059698,0.003107748692855239,-0.0032958493102341886,0.0020538535900413994,1.4709975,1.000278300000001,9.62032365
18.78664469718933,-0.052667747828544005,0.07843202680256037,0.062059478299439315,-0.9935910359214766,0.003605819074437022,-0.0018712198361754415,0.0022250092588365082,1.4709975,1.000278300000001,9.62032365
18.824992656707764,-0.05269978903162616,0.07847995901227883,0.062009253571852725,-0.993588687909094,-9.888946078717709e-5,-0.0009647440165281295,0.0012686743866652252,1.4709975,1.000278300000001,9.62032365
18.87478256225586,-0.05273506151205077,0.07850721304506884,0.06194725976559435,-0.9935885304263281,0.0018155856523662806,-0.0005669409292750058,0.002001646440476179,1.4709975,1.000278300000001,9.62032365
18.9228777885437,-0.05275907450820566,0.07852679013801143,0.061894667713723824,-0.9935889861488332,0.0011905890423804522,-0.00014598849520552887,0.0013057163450866938,1.4709975,1.000278300000001,9.62032365
18.96980309486389,-0.05277629059780542,0.0785418049225516,0.061825051028424845,-0.9935912193128402,0.0012472046073526144,-0.00046274968190118643,0.00218593399040401,1.4709975,1.000278300000001,9.62032365
19.017459392547607,-0.052785245619673224,0.07855460189986202,0.061761817064049714,-0.9935936645924088,0.0006902266759425402,-0.0010716113029047845,0.0017974444199353459,1.4709975,1.000278300000001,9.62032365
19.069369792938232,-0.05280259796844241,0.07858095842393925,0.061699153154453575,-0.9935945516763772,0.0016548365820199251,-0.0010324510512873528,0.0011238893494009974,1.50041745,1.010084950000001,9.610517
19.127780437469482,-0.05280639550255637,0.07862016710754818,0.061614524400676336,-0.9935964997426708,0.00020509911701083183,-0.0008140534046106037,0.0030140639282763004,1.50041745,1.010084950000001,9.610517
19.17444086074829,-0.052824790326856434,0.07866877101071879,0.06153566295692187,-0.9935965620809277,0.00108302291482687,-0.0018637401517480607,0.0027179140597581868,1.50041745,1.010084950000001,9.610517
19.22493624687195,-0.05284701216775219,0.0787157532563243,0.061470450822044394,-0.9935956960303145,0.0018012262880802155,-0.0022813223768025632,0.0019236875232309105,1.50041745,1.010084950000001,9.610517
19.27445888519287,-0.05285194942935726,0.0787909223361971,0.06137364150429626,-0.9935954599973926,0.0007373795378953218,-0.002660794416442513,0.0025340595748275523,1.50041745,1.010084950000001,9.610517
19.323307514190674,-0.05287764918534754,0.07887030388481908,0.06128733270583287,-0.9935931220733928,0.001503773732110858,-0.003263700986281037,0.0018866612808778886,1.50041745,1.010084950000001,9.610517
19.37998867034912,-0.0528934701219618,0.07895714303871314,0.061177559686863954,-0.9935921480025803,0.0013642997946590185,-0.003085007425397634,0.0031309723854064946,1.50041745,1.010084950000001,9.610517
19.419113636016846,-0.052893184107995275,0.07904204595016012,0.061080003180438165,-0.9935914146460849,0.00015984708443284035,-0.0033751851879060264,0.004123976919800043,1.50041745,1.010084950000001,9.610517
19.47049117088318,-0.05290673225536343,0.0791295807021023,0.06098518286892491,-0.9935895503729961,0.0017094204667955637,-0.0031539960764348503,0.0023442225065082316,1.50041745,1.010084950000001,9.610517
19.51888680458069,-0.052920458224086614,0.07920583775940715,0.06088834449013703,-0.9935886824392846,0.0007541670929640532,-0.002472339896485209,0.0029611238278448586,1.50041745,1.010084950000001,9.610517
19.608194589614868,-0.052931529865240134,0.07928675757364369,0.060800543809487746,-0.9935870153600306,0.0014194648247212172,-0.0030461209826171394,0.002878621686249972,1.50041745,1.000278300000001,9.62032365
19.62599802017212,-0.05294417645886947,0.07936364394369824,0.060687613322479635,-0.9935871072977402,0.000853698467835784,-0.0023657148703932758,0.0028002611361444,1.50041745,1.000278300000001,9.62032365
19.675044059753418,-0.05295633429448333,0.07942802299415222,0.06059406962941422,-0.9935870241438729,0.0010606900323182344,-0.0024457578547298904,0.002622177824378014,1.50041745,1.000278300000001,9.62032365
19.72401762008667,-0.05295053496338776,0.07948008695683297,0.06049292452017797,-0.9935893330281991,0.00016173766925930977,-0.0013754081446677442,0.003929563798010349,1.50041745,1.000278300000001,9.62032365
19.772334337234497,-0.05292242808437415,0.07953158469772471,0.06039812103746595,-0.9935924771334907,-0.0007524356478825212,-0.001938594621606171,0.002430792432278395,1.50041745,1.000278300000001,9.62032365
19.82256555557251,-0.05291134232683461,0.07958563793732644,0.06028466255195276,-0.9935956297952797,-0.0007623350247740746,-0.00202010222710669,0.003632085165008903,1.50041745,1.000278300000001,9.62032365
19.871134757995605,-0.0528865702013716,0.07961525802719495,0.06016966661783652,-0.9936015461947996,-0.00010508170817047358,-0.0008190145599655803,0.0031896361615508795,1.50041745,1.000278300000001,9.62032365
19.920517444610596,-0.05288305028877771,0.07964146301296678,0.0600666432695356,-0.9936058668947356,0.001180032966658473,-0.0011101516429334875,0.0028998716734349728,1.50041745,1.000278300000001,9.62032365
19.968889474868774,-0.05287178587670751,0.07967448006374914,0.059926288022323033,-0.9936122943526031,0.00017043575644493103,-0.0006976990262046452,0.003246492240577936,1.50041745,1.000278300000001,9.62032365
20.017799139022827,-0.05286447332217523,0.07970502331151044,0.05979135652790158,-0.9936183625536688,0.0005382038652896881,-0.0010610027238726612,0.004186808131635189,1.50041745,1.000278300000001,9.62032365
20.07778763771057,-0.05286045478290712,0.07972981290369698,0.05963914091076789,-0.9936257354386062,0.00019875215366482735,-0.0005398250068537885,0.004532583057880402,1.5102241,1.010084950000001,9.62032365
20.118739366531372,-0.0528556917986616,0.07976866649817509,0.05948023236938411,-0.993632395630734,0.000545270275324583,-0.0008106919121928507,0.005017457529902458,1.5102241,1.010084950000001,9.62032365
20.175355434417725,-0.05285374400660982,0.07980755153517521,0.05931756422617008,-0.993639101000317,5.149189382791519e-5,-0.0012590376427397125,0.005138367414474487,1.5102241,1.010084950000001,9.62032365
20.224416494369507,-0.052856624999643935,0.07984404226870842,0.05916284546909246,-0.9936452404273066,0.0014850033912807703,-0.0012624888913705939,0.0051108309999108315,1.5102241,1.010084950000001,9.62032365
20.27511167526245,-0.05286363215422123,0.07988338077059044,0.058995389234097424,-0.9936516622646194,0.00023723463527858257,-0.0008257437730208033,0.005428639240562916,1.5102241,1.010084950000001,9.62032365
20.32127070426941,-0.0528520384619782,0.07992927375151893,0.05883641050843392,-0.9936580146239706,6.697094067931175e-5,-0.00201307819224894,0.00490671768784523,1.5102241,1.010084950000001,9.62032365
20.376528024673462,-0.05284643320875103,0.07994860410410926,0.0586738253974688,-0.9936663712796889,0.000106459716334939,-0.0005679245805367821,0.004897331818938255,1.5102241,1.010084950000001,9.62032365
20.41990876197815,-0.052836256177769096,0.07998173138904369,0.05850604245038544,-0.9936741395819466,0.0006559938192367554,-0.0006769238389097148,0.005083344876766205,1.5102241,1.010084950000001,9.62032365
20.468487977981567,-0.05283012936944578,0.07999714890143171,0.058333958642306956,-0.9936833413455051,0.000273251673206687,-0.0007103391690179699,0.004943356849253178,1.5102241,1.010084950000001,9.62032365
20.516770601272583,-0.052810046464515294,0.08000556272333123,0.05816247451706014,-0.9936937835589952,7.61228147894144e-5,0.0003099892637692399,0.00569522799924016,1.5102241,1.010084950000001,9.62032365
20.576226234436035,-0.052813187766287725,0.07997630526259117,0.05796861530960929,-0.9937072996781267,0.0006061447784304619,0.0016875843284651644,0.005386891774833202,1.52003075,0.9904716500000011,9.6301303
20.640300989151,-0.052811175260433635,0.07995959789232344,0.05779254916116206,-0.9937190064268493,0.0007176890503615141,0.0008949330076575286,0.005702947732061148,1.52003075,0.9904716500000011,9.6301303
20.675885438919067,-0.05280248317288932,0.07992015263688035,0.057653628663862595,-0.9937307110455851,0.0002126570325344801,0.002352466341108084,0.0045679290778934956,1.52003075,0.9904716500000011,9.6301303
20.72998046875,-0.052785920539322635,0.07987783163768039,0.05745311111843444,-0.9937466068513097,8.043297566473484e-5,0.0022759600542485723,0.005578635260462761,1.52003075,0.9904716500000011,9.6301303
20.794270515441895,-0.052786045017864935,0.07982110630172422,0.05728436917307895,-0.9937608995571233,0.00019400776363909245,0.0022857636213302617,0.0045911092311143875,1.52003075,0.9904716500000011,9.6301303
20.84048819541931,-0.052779091269239194,0.07976398098588817,0.05708942380229632,-0.9937770738711967,0.0010809050872921944,0.0030921145807951697,0.0054715401493012905,1.52003075,0.9904716500000011,9.6301303
20.869691610336304,-0.05276926211406897,0.07972248321102769,0.05688991059238447,-0.9937923670060032,1.9242987036705017e-5,0.0023104005958884963,0.005686246324330568,1.52003075,0.9904716500000011,9.6301303
20.919281721115112,-0.05275982594009647,0.07970047982750958,0.05666659124628832,-0.993807391660256,0.0007412752602249384,0.00042996939737349825,0.006156716030091047,1.52003075,0.9904716500000011,9.6301303
20.96706795692444,-0.05276471760121915,0.07969802784812859,0.056459406400823205,-0.9938191205458109,0.0008243685588240623,0.0002417720097582795,0.006090246140956879,1.52003075,0.9904716500000011,9.6301303
21.028014183044434,-0.05275318333685084,0.07970055826925604,0.05622288556657607,-0.9938329385756769,0.0005050087347626686,0.00016018901078496207,0.006461853161454201,1.52003075,0.9904716500000011,9.6301303
21.074326276779175,-0.05275655497226445,0.0797168514472046,0.05601561250657917,-0.9938431569711166,0.0016073710285127163,-0.000408810505177825,0.005618433002382517,1.5102241,0.9806650000000011,9.62032365
21.12510323524475,-0.052753988028330416,0.07975167045713769,0.05578680516415014,-0.9938533695550769,0.001371727092191577,-0.0013416368747130028,0.006875657010823488,1.5102241,0.9806650000000011,9.62032365
21.173523426055908,-0.05275391229770831,0.07978757801634626,0.05556317147753432,-0.9938630192873308,0.0014882127288728952,-0.0007612003246322267,0.006399216596037149,1.5102241,0.9806650000000011,9.62032365
21.22414803504944,-0.052764118629723175,0.0798098129564487,0.05533642246329463,-0.993873342981916,0.0013906881213188171,-0.0006219320348463944,0.006812739185988903,1.5102241,0.9806650000000011,9.62032365
21.2703754901886,-0.05277805945411846,0.07983493093881586,0.055105647656110375,-0.9938834075678358,0.0016068299300968647,-0.0006731538451276711,0.006810679100453854,1.5102241,0.9806650000000011,9.62032365
21.320030212402344,-0.05278920981090354,0.07984798788689847,0.05487979675116412,-0.9938942630212256,0.0013885439839214087,0.0002456578367855409,0.007397833280265331,1.5102241,0.9806650000000011,9.62032365
21.368759632110596,-0.052809887503437306,0.07984706735156419,0.054629277524699156,-0.9939070397448437,0.0023861185181885958,0.0004727452760562309,0.006793903652578592,1.5102241,0.9806650000000011,9.62032365
21.428020477294922,-0.05284264908719948,0.07981399493925952,0.05436876163788946,-0.9939222396179922,0.002243438735604286,0.0016369114164263019,0.006768922787159681,1.5102241,0.9806650000000011,9.62032365
21.478826761245728,-0.052870031496796525,0.0797446137572214,0.05411368956873409,-0.9939402723239952,0.0021145325154066086,0.0032992439810186633,0.0065435487776994705,1.5102241,0.9806650000000011,9.62032365
21.528448820114136,-0.05289806864645802,0.07966450368476018,0.053891661293791256,-0.9939572677077876,0.001587896142154932,0.0038230479694902906,0.006857648026198148,1.5102241,0.9806650000000011,9.62032365
21.586649894714355,-0.052946505974553325,0.07957372831537142,0.05366204443510093,-0.9939743830975338,0.0024969528894871473,0.003672031918540598,0.0064246724359691134,1.5102241,0.9904716500000011,9.62032365
21.626492261886597,-0.052978015199498574,0.07946816805161787,0.05340551170366271,-0.9939949655263409,0.0024117976427078247,0.00468454696238041,0.007077395450323819,1.5102241,0.9904716500000011,9.62032365
21.67298674583435,-0.05301159101420026,0.07937349338484201,0.0531743206336855,-0.9940131344158263,0.002432751003652811,0.00428595393896103,0.006988539360463618,1.5102241,0.9904716500000011,9.62032365
21.72733759880066,-0.053045713961424205,0.07928679868030405,0.05296837211105799,-0.9940292286151633,0.0015083993785083294,0.003862594487145544,0.006770802661776542,1.5102241,0.9904716500000011,9.62032365
21.78094720840454,-0.053068242336409735,0.07919889005743744,0.05273749453234778,-0.99404730980947,0.0014119248371571302,0.0035151317715644845,0.007749328855425119,1.5102241,0.9904716500000011,9.62032365
21.824448823928833,-0.0530871339016886,0.07914913420983435,0.05250841127317419,-0.9940623911573685,0.0012924140319228172,0.0016014267457649123,0.008149802684783936,1.5102241,0.9904716500000011,9.62032365
21.871371507644653,-0.05307658604661044,0.07913336991356792,0.05227722166286842,-0.9940763943857487,0.00019606994464993477,0.0005097506800666461,0.008169780485332012,1.5102241,0.9904716500000011,9.62032365
21.919625759124756,-0.053069079053865716,0.07914985961530757,0.052021421260437635,-0.994088901608551,0.0005410399753600359,-0.0003736599464900782,0.008050723001360893,1.5102241,0.9904716500000011,9.62032365
21.976896047592163,-0.05305674463975722,0.07918562207891608,0.05175193712895521,-0.9941007776415864,0.0008504928555339575,-0.0013368878280743948,0.007930995896458626,1.5102241,0.9904716500000011,9.62032365
22.027878999710083,-0.05303074518498125,0.07925521363030089,0.05144542800192193,-0.9941125283966802,0.0005274422001093626,-0.0025582276284694663,0.008711427450180054,1.5102241,0.9904716500000011,9.62032365
22.075477123260498,-0.05302132198632403,0.07933883536996748,0.05115629301447023,-0.9941212814853011,0.000719534931704402,-0.002877366263419389,0.008617391809821129,1.52003075,0.9904716500000011,9.62032365
22.12480330467224,-0.05301803365061971,0.07941616349890573,0.050867765965807284,-0.9941300877996726,0.0016223564743995667,-0.0025831775274127713,0.008491810411214828,1.52003075,0.9904716500000011,9.62032365
22.173639059066772,-0.05302789940658037,0.07948954706474871,0.050591266485326976,-0.9941378061151167,0.0017840072978287935,-0.0019456862937659014,0.008336544968187809,1.52003075,0.9904716500000011,9.62032365
22.22548794746399,-0.053053967699187424,0.07954960069556186,0.05033102154260883,-0.9941448213469846,0.002853423822671175,-0.00211222656071186,0.008289196528494358,1.52003075,0.9904716500000011,9.62032365
22.27320122718811,-0.05309336793680088,0.07958542135580095,0.050055050703901934,-0.9941537843250292,0.0028575225733220577,-6.429958739317848e-5,0.0085804034024477,1.52003075,0.9904716500000011,9.62032365
22.323928833007812,-0.05315149318641217,0.07961586784624844,0.04977545532916256,-0.9941622787080178,0.003609755076467991,-0.00037088000681251174,0.009123449213802814,1.52003075,0.9904716500000011,9.62032365
22.379815101623535,-0.05320847856038261,0.0796266051336299,0.04948359885979454,-0.9941729401910239,0.003488025162369013,0.00035078433575108756,0.008706844411790371,1.52003075,0.9904716500000011,9.62032365
22.418858528137207,-0.053248711424569314,0.07961327533598603,0.049225001684178545,-0.9941846912576616,0.0026122028939425945,0.0012389887124300014,0.00907052494585514,1.52003075,0.9904716500000011,9.62032365
22.46805477142334,-0.05328678239726551,0.07957511642983557,0.0489299137625876,-0.9942002731875055,0.003014642046764493,0.0022227123845368632,0.008585759438574314,1.52003075,0.9904716500000011,9.62032365
22.517045736312866,-0.053322450413238624,0.07952143482084581,0.04861688217200206,-0.9942180125374089,0.0018591189291328192,0.002880861749872566,0.008602962829172611,1.52003075,0.9904716500000011,9.62032365
22.577634811401367,-0.05333754205389012,0.07947207414497098,0.04829733152840588,-0.9942367242291854,0.0012762488331645727,0.002456421731039883,0.008950001560151577,1.52003075,0.9904716500000011,9.62032365
22.625107049942017,-0.05333793849541855,0.07944056323228464,0.0480286691104091,-0.9942522356896558,0.0005982378497719765,0.001781429979018868,0.009570319205522537,1.52003075,0.9904716500000011,9.62032365
22.674213647842407,-0.05333272563117758,0.07941423452891433,0.04770860317286419,-0.9942700281685204,0.00033363071270287037,0.0006608746480196726,0.009779924526810646,1.52003075,0.9904716500000011,9.62032365
22.723544597625732,-0.0533259030270627,0.07940883961041986,0.047474578270944985,-0.9942820267288708,0.0007245426531881094,0.00033942569280043353,0.008965550921857357,1.52003075,0.9904716500000011,9.62032365
22.773911714553833,-0.05329732321157072,0.07942983066078724,0.047176759223398874,-0.9942960578866122,-0.0001964508555829525,-0.0005813624011352646,0.009695378132164478,1.52003075,0.9904716500000011,9.62032365
22.821532487869263,-0.05327769586178333,0.07946846341138651,0.04688525072132994,-0.9943078113499311,0.0004330212250351906,-0.0007895770249888289,0.009740683250129223,1.52003075,0.9904716500000011,9.62032365
22.871120929718018,-0.053266857741060054,0.07952013517056014,0.04659357297001216,-0.9943179717407995,0.0006219444330781698,-0.0018576376605778922,0.009187586605548859,1.52003075,0.9904716500000011,9.62032365
22.91904306411743,-0.053255999565621485,0.07959462500211023,0.046305072244920704,-0.9943260704947008,0.0010483174119144678,-0.00281501282006502,0.010090619325637817,1.52003075,0.9904716500000011,9.62032365
22.97057795524597,-0.05323454137161051,0.07967282320934965,0.04600722324982016,-0.9943347827847756,0.00042249588295817375,-0.002964121056720613,0.009863506071269512,1.52003075,0.9904716500000011,9.62032365
23.01695442199707,-0.0532397373521318,0.07977050453115478,0.045712788318368176,-0.9943402526085731,0.0013545958790928125,-0.003667752258479594,0.009982360526919365,1.52003075,0.9904716500000011,9.62032365
