t,pitch,joint1,joint2,d_pitch,vel_j1,vel_j2
0.0,0.18558,-0.18558,0.0,0.0,0.0,0.0
0.010000000000000002,0.1855799849066711,-0.18554505286070938,-0.0001189235543214002,1.4942381740015753e-5,0.003950634531215852,-0.01525893844370977
0.02000000000000001,0.18558038519863518,-0.18554590232330553,-0.00015970400892091274,7.324371317311552e-5,-0.0080633103303231,0.019836803613656584
0.03000000000000002,0.18558071300394066,-0.18557785480392497,-8.493970212250022e-5,-3.0653748793353887e-5,0.009241045710477533,-0.02850240119577383
0.04000000000000003,0.18558065044129515,-0.18554661423211993,-0.00018525805964150272,4.622846992894597e-5,-0.012522670575252574,0.03827105002095142
0.05000000000000004,0.18558052847353207,-0.1855725830624559,-8.096723472302559e-5,-9.822675731953398e-5,0.017007990471586507,-0.04781041325090447
0.060000000000000046,0.1855800713029407,-0.18553457183013694,-0.00016023783777665114,3.207000037827326e-5,-0.017506028064118516,0.05715054520501348
0.07000000000000005,0.18557966362609377,-0.18553539441916084,-0.00011030454442417265,-0.00012391043162549058,0.022044682582472795,-0.06227298027149172
0.08000000000000006,0.1855793274713045,-0.1855262516574489,-0.00010216405844402469,5.691554263240165e-5,-0.020663396924085253,0.06540880225928491
0.09000000000000007,0.18557908499243297,-0.1855008622305781,-0.00016025513032239897,-8.706749139683911e-5,0.021271920811361325,-0.06359873440222619
0.10000000000000007,0.18557929983546462,-0.1855387677949325,-4.9877406555076344e-5,9.394100849962711e-5,-0.01946518129340613,0.0572080250124279
0.11000000000000008,0.18557932187940043,-0.18549193114670037,-0.00021114587472574064,-4.469478271088417e-5,0.015710341567402756,-0.04905521549253782
0.12000000000000009,0.18557930719312377,-0.18551631307072408,-0.00012237266839415053,-5.608811168800105e-5,-0.004269701287393192,0.02122123968474515
0.1300000000000001,0.18557738670170115,-0.18543054749254786,-0.00020389984959273596,-0.0002903104647869935,0.013315408258776102,-0.013660085972837776
0.1400000000000001,0.1855746175116919,-0.18538101844097987,-6.574498033390326e-5,-0.00019357893932740546,-0.006182993897680985,0.04317446619428611
0.1500000000000001,0.18557311464707577,-0.1853345573436149,-5.5677342222997806e-5,-9.800761858886793e-5,0.01566064694020325,-0.042818353795398494
0.16000000000000011,0.1855739301194121,-0.18536102960991863,-4.971820575913238e-5,0.00025310106608968395,-0.02049812012979098,0.043287049805738796
0.17000000000000012,0.18557408310639567,-0.18533547271954962,-0.0001527067033978699,-0.00035172297162820205,0.02009111591737437,-0.03053464483282894
0.18000000000000013,0.1855723252019381,-0.1852678585579618,-0.00019088675975039023,0.00014585233019932437,-0.009791482367614873,0.01793411163026734
0.19000000000000014,0.185571248247488,-0.18518401395104755,-0.00036142796749601017,-0.0005216603147617835,0.010430342805021402,0.021390269157286625
0.20000000000000015,0.18556471610842912,-0.18504852145653083,-0.00010953086371730731,-0.0006222231179237481,0.015851042090218155,0.013906458330279382
0.21000000000000016,0.18556003403556107,-0.18488305322982176,-0.00016399439997076686,-0.0002765030471938574,0.015325090348527212,-0.022381234418421762
0.22000000000000017,0.18556019002206237,-0.18492608522692816,-3.317181205846143e-5,0.0002140939569104598,0.0002603386815658533,-0.024776078827254213
0.23000000000000018,0.1855643013165923,-0.18498292641888325,-0.000295633190171292,0.00045358306743945444,0.00043270663643012343,-0.05238772460345032
0.24000000000000019,0.18556534096295696,-0.18497973442335497,-0.00043374187530738443,-0.0006128810124492945,0.02621068261029007,-0.024530175106970382
0.25000000000000017,0.18555878116869326,-0.18477526456079266,-0.0004320430356945405,-0.00030500524471006066,0.025302523833770185,-0.05521375176415263
0.2600000000000002,0.1855621784126003,-0.18479453682788075,-0.0007557641264790742,0.0007325823324755405,-0.03208629944085574,0.028178107960677025
0.2700000000000002,0.18556437789403238,-0.18480187228483433,-0.000996249877065768,-0.0004960011469721193,0.016589094500239376,-0.0053289982515064265
0.2800000000000002,0.18555321864168184,-0.18451823650187565,-0.0007732510235793429,-0.0012812256733698657,0.025286398652111252,0.051294471801602966
0.2900000000000002,0.18555065217662137,-0.18442675637569572,-0.0008309833806949324,0.0008263924235801681,-0.03462328660061683,0.02587625650700112
0.3000000000000002,0.18555690418260368,-0.18455828601247035,-0.0010978877645428124,-1.1704976495510081e-5,0.012588962902066125,-0.045958469310574665
0.3100000000000002,0.1855519492407181,-0.18442219519557013,-0.0010621127460301277,-0.0006440003044008077,0.0274644196971545,-0.02800575656463318
0.32000000000000023,0.18554940546555304,-0.1842616041022423,-0.0013787689876443503,-4.316613648584633e-5,0.01574723350015081,-0.05409903676871085
0.33000000000000024,0.18554858812723474,-0.1841828762504313,-0.0016087089817601306,-0.0003350498967327547,0.020284402639657535,-0.038289868768810575
0.34000000000000025,0.18554305869949198,-0.1840031403101632,-0.0016741037063296748,-0.00055526755972958,0.003567214561914012,0.04325801362573829
0.35000000000000026,0.18553702008560852,-0.18382496982498447,-0.0016820430123521254,-0.0006081911182971655,0.026886469225104896,-0.0318581279231398
0.36000000000000026,0.1855324658492077,-0.18372460699301,-0.001590128429622982,-0.0002979578471278273,-0.0035086478710652617,0.038279344457141
0.3700000000000003,0.1855296121721395,-0.1836366898649811,-0.0016498733746012945,-0.0003948302280906058,0.012087019447094213,-0.005733050449838646
0.3800000000000003,0.18552390581656442,-0.18352262006589626,-0.0014940573467276054,-0.0008060863902888411,0.03212084931323615,-0.030353946785891917
0.3900000000000003,0.18551514840675828,-0.1832694640652149,-0.0014891811578364098,-0.0009413108186617578,0.024002767263926347,0.011907048076110417
0.4000000000000003,0.18550596506599487,-0.1830323286859637,-0.001389149807043241,-0.0009147324991465017,0.036783093433104125,-0.03591084651231777
0.4100000000000003,0.1854987353678416,-0.18285728606006776,-0.0012989386828830946,-0.0005637646836295831,0.01269385468895955,0.007529923382627207
0.4200000000000003,0.18549518663744197,-0.18276130251512424,-0.0013535745805562827,-0.0001677245509904767,0.012114158145379285,-0.035485025316153024
0.4300000000000003,0.18549256274402076,-0.18261918110675876,-0.0016843859765087266,-0.0005356345516112682,0.02685795221789958,-0.04740819382186616
0.44000000000000034,0.18548257179184022,-0.18230641947514675,-0.0018068762852663546,-0.0014536639365468485,0.04345720071690098,-0.004782636528781916
0.45000000000000034,0.1854714149078202,-0.18195137109419443,-0.0019577507904945998,-0.000411902007527721,0.011748741934276906,-0.011292979814848088
0.46000000000000035,0.1854708649654558,-0.1819055110725242,-0.002226738253523787,-0.00038263571594060626,0.019042632286484208,-0.04176816423211352
0.47000000000000036,0.18545904207363917,-0.1816317559052768,-0.002059455864761529,-0.0019727970379365307,0.04947605796631979,0.026884569196257143
0.48000000000000037,0.18543997031509846,-0.1811183976383192,-0.001932060150910051,-0.0013800036609267702,0.04063453927853369,-0.009042231155926072
0.4900000000000004,0.18543249190194355,-0.18086443004956573,-0.002203437529670552,-0.00031379683159392233,0.020626547649113324,-0.05967505601058288
0.5000000000000003,0.18542864026377992,-0.18073071118615497,-0.002484429097380118,-0.0007354400880497521,0.020443837666416765,-0.01516450184406162
0.5100000000000003,0.18541805822328083,-0.18047299639873335,-0.0024754919857321827,-0.0012632578024222674,0.038114601688648775,-0.020174640970782476
0.5200000000000004,0.18540686424085104,-0.18016537552132572,-0.0025933111580007024,-0.0010874555164210324,0.03711905916442856,-0.038420285419173375
0.5300000000000004,0.18539475294712063,-0.1798056440185167,-0.0028138615044306543,-0.0012596924812521414,0.01962006566194075,0.038461014242170584
0.5400000000000004,0.18538163063782034,-0.17940824665110605,-0.0030776600804228844,-0.0010388982773645453,0.017611985417773923,0.01848724953845208
0.5500000000000004,0.18537034111233103,-0.1790758922485996,-0.0033466182632290314,-0.0011531298365042328,0.01971962850654582,0.020921104205686023
0.5600000000000004,0.18535652213347964,-0.1786921641830583,-0.003542844616651198,-0.0015061340060653437,0.03156922726998616,0.016074848435069553
0.5700000000000004,0.1853417193309537,-0.17830707873553064,-0.003664648386710663,-0.0013670945582859684,0.017995418261113883,0.04450275629556579
0.5800000000000004,0.18532703971004857,-0.17796591198144543,-0.0036801921885911974,-0.0014641724949550408,0.03486056258272503,-0.006181361505709249
0.5900000000000004,0.18531242366115075,-0.1775573918774719,-0.003968417092173573,-0.0015496729984064664,0.0378535007054696,-0.010531623245835753
0.6000000000000004,0.18529470280392452,-0.17709178859555327,-0.004145857286029194,-0.001808753278351891,0.060226411956565785,-0.06252086761494835
0.6100000000000004,0.1852799424648755,-0.17672531488473875,-0.004344631710702548,-0.0013998491204986591,0.029963795209129843,-0.007234171247430393
0.6200000000000004,0.1852637177703754,-0.1763032884813383,-0.0046132412557131144,-0.0019357087991062703,0.04656451304885388,-0.009316611397903025
0.6300000000000004,0.1852431606551784,-0.17578251214879737,-0.004783313982178403,-0.001965644158038764,0.05088246480077703,-0.02480461961823363
0.6400000000000005,0.1852253899853588,-0.1753319151616146,-0.005060285702997692,-0.001650541230025569,0.031127546426260252,0.004095999700563548
0.6500000000000005,0.18520694792360284,-0.17484288049376856,-0.0054404953556057714,-0.001944077967726815,0.04871787590174634,-0.02863853392831607
0.6600000000000005,0.185186730503739,-0.17433287219294638,-0.005742927510033465,-0.002130118510924222,0.06619720296278647,-0.07293151426465821
0.6700000000000005,0.1851660179194674,-0.17381742395911282,-0.00605690729490837,-0.001980518851985629,0.03520916127808894,0.012352550832005638
0.6800000000000005,0.185144957292049,-0.17330388273428704,-0.006375848227551687,-0.002351893192706111,0.060826787220138644,-0.0399008846516511
0.6900000000000005,0.18511919939707858,-0.1726953806763221,-0.006553655582987969,-0.0028108104132378415,0.07578749671282291,-0.0457407887851629
0.7000000000000005,0.18509495545774182,-0.17212329360196837,-0.006824795676936883,-0.00202997824440207,0.03175989186671897,0.014087038655609911
0.7100000000000005,0.18507245860018415,-0.17162406802556496,-0.007095296881943885,-0.0025742972213950457,0.06299000104648225,-0.03904543951784414
0.7200000000000005,0.1850439505122123,-0.17100071823510743,-0.0071862234608640356,-0.0031451373106145247,0.08212771077839652,-0.04747047711532576
0.7300000000000005,0.18501304376088792,-0.1703413061246042,-0.0071932042202453176,-0.0028980440062244504,0.06056195406821521,-0.006428421890366416
0.7400000000000005,0.18498801472509907,-0.1698225827059146,-0.007427436499306423,-0.0021629518170825255,0.036339897694363577,-0.010932245871320669
0.7500000000000006,0.18495903402282793,-0.16924496196208724,-0.007494446232868087,-0.003953247942992863,0.08320272004935104,0.01928140348155789
0.7600000000000006,0.18491902974998872,-0.1683482324527089,-0.007501420047284098,-0.0031952005750630966,0.06189754035254041,0.0025998034391237555
0.7700000000000006,0.18489552534621032,-0.16788683693044315,-0.007905533155342695,-0.002148009875114782,0.051296648812643494,-0.08443877898565845
0.7800000000000006,0.18486691109663592,-0.16730315061390336,-0.008242262766142849,-0.0037278611841431992,0.06853275833413328,0.02356986014378414
0.7900000000000006,0.18482568958480003,-0.1664256043143562,-0.008264851612649123,-0.003674777068339579,0.07623455842401251,-0.015662391048370077
0.8000000000000006,0.1847972757076604,-0.1658790891072868,-0.008642318929036823,-0.0024357249128876732,0.03046866239509443,-0.0037777107421892043
0.8100000000000006,0.1847660682536077,-0.1653282683309584,-0.008808997510270013,-0.003784114071097761,0.08271308239293768,-0.04216786280584399
0.8200000000000006,0.18472739835971652,-0.16456503160956262,-0.008958818913520947,-0.003623028752843901,0.05766913049541471,0.018066852709925373
0.8300000000000006,0.18469218425979955,-0.16391541829231335,-0.009183356490503301,-0.003632111035463728,0.07012601838305753,-0.03219664166298058
0.8400000000000006,0.18465513517860413,-0.1631979519922494,-0.00952334283766306,-0.003725067313362951,0.06950973676156309,-0.028420329516158707
0.8500000000000006,0.18461690506865988,-0.16251875651339182,-0.009688603485821144,-0.003972379280662193,0.05872642884321092,0.027151974730011748
0.8600000000000007,0.1845751165765825,-0.16166875210225004,-0.010134044119810498,-0.0042512486838982375,0.08933407964990578,-0.05583291774094536
0.8700000000000007,0.18453366978006167,-0.16091854885017298,-0.01036520236826031,-0.004005850587869207,0.06721971066200173,-0.016400769539041692
0.8800000000000007,0.18449394828654386,-0.16022684789588576,-0.010681462599003936,-0.004077914295633304,0.0658977900664099,-0.013506820448897063
0.8900000000000007,0.1844493480925869,-0.15942510644249996,-0.010930153225096422,-0.004703331919711937,0.07728761277441905,0.0072625406110875595
0.9000000000000007,0.18440129174738365,-0.15853532836908946,-0.011192578162337525,-0.004793067906966317,0.10142879050927739,-0.07515008239211525
0.9100000000000007,0.18435645653292373,-0.15778333065086075,-0.011438915110245713,-0.0042251166315804166,0.059881119080930946,-0.005961854121971438
0.9200000000000007,0.18431215609153195,-0.1570390620087711,-0.01182200181815111,-0.0046820594076515685,0.0690177519943512,0.0029694405257179
0.9300000000000007,0.18426172716065592,-0.15617331313683913,-0.012044661904111999,-0.005098705153644069,0.0930539621944151,-0.04339867224616472
0.9400000000000007,0.18421188535395458,-0.15536116524745439,-0.012253314047372416,-0.0052236704125036264,0.09305193734826735,-0.04014025728583794
0.9500000000000007,0.18415760339665085,-0.15443990480434996,-0.012448787968426248,-0.005586205846872436,0.10002801214079102,-0.03435710024061834
0.9600000000000007,0.184102005487154,-0.15346582202443074,-0.012785976662486249,-0.005430492574810369,0.0863524075856082,-0.015727116007121972
0.9700000000000008,0.18404882909506307,-0.15258561577512425,-0.013182528925073206,-0.0053172981379644825,0.0904603739340725,-0.05376401303881285
0.9800000000000008,0.18399178071266134,-0.15166340694677155,-0.013406627988191446,-0.006193992518963939,0.10261626927335867,-0.009228921375877282
0.9900000000000008,0.18393103072215314,-0.1506023605538124,-0.01380727726232734,-0.0056541242290279415,0.09052696104698568,-0.03941073920616544
1.0000000000000007,0.18387489857836364,-0.14970489729271932,-0.014280782275402273,-0.005784886116766419,0.09856341511598289,-0.06447349363880359
1.0099999999999996,0.1838153399467623,-0.14877044116937918,-0.014620841380255009,-0.006128224770226569,0.09398763892605326,-0.02273330684630862
1.0199999999999985,0.18375357447526125,-0.14781122177817876,-0.01492152237200143,-0.006151218536333859,0.09739380090624648,-0.04407704118091985
1.0299999999999974,0.18369111075875866,-0.14683455990074556,-0.015327996589464198,-0.0065251548519614936,0.10520758988715126,-0.04159450744895778
1.0399999999999963,0.18362276527471016,-0.14576643744107284,-0.015515697948479854,-0.007064908122213882,0.11343253970961853,-0.02186904371012295
1.0499999999999952,0.1835520244655646,-0.1446341173717203,-0.015779585813534374,-0.006958540022405845,0.10552546698468679,-0.01926918118154313
1.059999999999994,0.18348416419275748,-0.14360799035751842,-0.01613052458908351,-0.006700915856141684,0.09961780256057007,-0.04096493385584824
1.069999999999993,0.18341382328701228,-0.14255127735697712,-0.016441375610675397,-0.007475221635610657,0.11669552681159051,-0.02605434738842717
1.0799999999999919,0.18333789443616444,-0.14135641046782868,-0.016731159972985597,-0.007616661969233269,0.12440554412133488,-0.04970049565026083
1.0899999999999908,0.18326482148969755,-0.14034166412268048,-0.016859309900375645,-0.007008755119284636,0.0907092544781572,-0.016370578051539308
1.0999999999999897,0.18319307185127187,-0.1393000043548971,-0.01736682996245218,-0.007434596537269123,0.09610748376148709,-0.0012777430932965315
1.1099999999999886,0.1831133034565954,-0.13812595620217424,-0.01756860206670123,-0.008394730595045936,0.1347542917554695,-0.0394303407493298
1.1199999999999875,0.18302876364407195,-0.13682094416132082,-0.017819822434160387,-0.008275994254454298,0.12381765451225113,-0.029161820562388287
1.1299999999999863,0.18294986641871505,-0.13568183901014846,-0.018278351018660294,-0.00762770429601029,0.09709906851406576,-0.02524572651396058
1.1399999999999852,0.18287107161267668,-0.13456012809829848,-0.01883677988119765,-0.008203729955273681,0.1267355951692413,-0.07653126251363204
1.1499999999999841,0.18278750045604833,-0.1333492849658214,-0.019311157454211223,-0.008622617726497564,0.1434973231438666,-0.10136079934965184
1.159999999999983,0.18270111744582176,-0.13216661739246938,-0.019521671099631186,-0.008790508153236436,0.13057016424869117,-0.05327953443613016
1.169999999999982,0.18261292982851776,-0.13094461206764163,-0.019812225048948782,-0.008775907693856274,0.11364562772661298,-0.012238126485170309
1.1799999999999808,0.1825248768333998,-0.12973531748251715,-0.020225514346912322,-0.008823074561845761,0.10953998812031195,-0.00821465574357362
1.1899999999999797,0.18243495363335085,-0.12845327810880966,-0.020829332585414414,-0.009132154376897314,0.12981047786290545,-0.057810148539468226
1.1999999999999786,0.18234064331299452,-0.12717423174960704,-0.021083367747767784,-0.009593886537746562,0.11955497331479793,0.013653346352195565
1.2099999999999775,0.18224475097583487,-0.12585064961395998,-0.021464263353017248,-0.009419349755517873,0.1275659410315112,-0.04866222734946104
1.2199999999999764,0.18214925503479332,-0.12455718917647789,-0.021943827588003888,-0.009892202077235531,0.14071715121174516,-0.05594158372764661
1.2299999999999753,0.18204893074417847,-0.12315817100540825,-0.022395814310091484,-0.009971070519880637,0.12588241974676329,-0.012335480384901763
1.2399999999999742,0.18194836645704413,-0.12179096629497817,-0.022870689138380564,-0.00998162801220289,0.13020150382719217,-0.04177549550281091
1.2499999999999731,0.18184873390143105,-0.12048596045650524,-0.02340059458216644,-0.010129663779102313,0.12118238576499842,-0.010769315551103822
1.259999999999972,0.18174240077726783,-0.11904730394203981,-0.023790799231153462,-0.010885870753179323,0.14298138297526072,-0.015510202267584072
1.269999999999971,0.18163542834207394,-0.11767084398681864,-0.02405831306767311,-0.010678848580378392,0.1368932836843281,-0.03443637912492155
1.2799999999999698,0.18152546670338957,-0.11623482025722101,-0.02435368404986263,-0.011087142831826356,0.12246435223922991,0.04426717497692067
1.2899999999999687,0.18141592099969406,-0.11480163538083032,-0.024850219995018522,-0.010727050956973076,0.1448097726785124,-0.08875333128352794
1.2999999999999676,0.1813071648169941,-0.1134390790622478,-0.025364686621583976,-0.011324894790336763,0.14999490106428529,-0.055654681920235295
1.3099999999999665,0.18119096891608905,-0.11195394118310804,-0.02562051654998934,-0.011610073703929073,0.13517111402614865,0.010285115009465018
1.3199999999999654,0.18107531088574005,-0.11050243781771343,-0.02598967186647251,-0.011701067563738095,0.16207774768155525,-0.08734559658002541
1.3299999999999643,0.18095726235366638,-0.10901535604679974,-0.026377374841714162,-0.011860993100155292,0.12646465522602604,0.034430453103702276
1.3399999999999632,0.18083840205953375,-0.1074693856984424,-0.02704164963137596,-0.011810264680581896,0.1507063031821464,-0.07039904954085076
1.3499999999999621,0.18071631161339913,-0.10591570431579887,-0.027536832743771496,-0.012691415264304846,0.17702553885066996,-0.07653289713346448
1.359999999999961,0.1805903019916893,-0.10433297276786481,-0.027854868533990617,-0.012278573410346954,0.15631045384738046,-0.07026078820143386
1.36999999999996,0.18047047726384025,-0.10288816384744852,-0.028581771888425093,-0.012084989984224914,0.1443829666199851,-0.06958410577088514
1.3799999999999588,0.18034328485510492,-0.10128543102228636,-0.029181060338891215,-0.013372028204102998,0.18629398158950303,-0.08217925836460276
1.3899999999999577,0.18020981995197877,-0.09959623879889079,-0.029529382366801582,-0.013167759585364855,0.15089483689659156,-0.0027860675256462793
1.3999999999999566,0.18008143400710738,-0.09807347654002378,-0.03006554579465913,-0.012578100116177156,0.1316449475544479,-0.022498516233937747
1.4099999999999555,0.17995179926754584,-0.09654587918247859,-0.030653241844094622,-0.013616724765678856,0.15934335694549814,-0.015399504039419951
1.4199999999999544,0.17981121065670636,-0.09474521677563777,-0.031087177529374312,-0.014079022857637596,0.16250669504184645,0.009670058722302659
1.4299999999999533,0.1796736719349932,-0.09311533578192173,-0.031463673571095176,-0.013581389099237598,0.1709249041695879,-0.09282880382204907
1.4399999999999522,0.1795357279680221,-0.09146053646922768,-0.03205390440429822,-0.014310437313062894,0.17664163215818757,-0.046517891537223285
1.449999999999951,0.17938909197372335,-0.08963347543307976,-0.03240559293026991,-0.01470152736139705,0.1894044017999045,-0.061906820099121754
1.45999999999995,0.17924482549912188,-0.0878755054663904,-0.03296761585073078,-0.014161110743710636,0.15740134246261503,-0.03345305478025351
1.469999999999949,0.17910471439770181,-0.08632339712178057,-0.03349016138401465,-0.014237582755736965,0.1550231539568743,-0.03478620904337281
1.4799999999999478,0.17895644402499394,-0.08455577703697868,-0.03398289360505349,-0.015049983773168726,0.1630293466859517,0.013710224836669458
1.4899999999999467,0.17880650496827435,-0.082801203925023,-0.03441498555922422,-0.014865776218441097,0.16671794104656393,-0.037292847808135174
1.4999999999999456,0.17865807811612391,-0.0810650427294611,-0.035134910609228284,-0.014738793081193151,0.15568952145408027,-0.03260804320493622
1.5099999999999445,0.17850924889319977,-0.07933129613866306,-0.03597894741567681,-0.014919177229834258,0.16640781685447117,-0.06578131149741323
1.5199999999999434,0.17835429846126463,-0.0775337182073975,-0.036512277980254665,-0.016265616871445697,0.21255936609831547,-0.08359279212912649
1.5299999999999423,0.17819295707382213,-0.07555005685958169,-0.03710730547915701,-0.01565329061755245,0.17320531292764904,-0.03892013457911617
1.5399999999999412,0.1780401918365964,-0.07384615404176843,-0.037924275414465546,-0.015313965839348116,0.16974828573227016,-0.08425359459042148
1.54999999999994,0.1778791644608314,-0.0719739385490279,-0.03853315110844953,-0.016873429845893337,0.19349216391979057,-0.001820847878436343
1.559999999999939,0.17771087187087298,-0.06995139127485317,-0.038978825306995375,-0.016286614218828294,0.1873622721186274,-0.06562463177549506
1.569999999999938,0.17755124221382104,-0.06819614914007055,-0.039700104457354383,-0.016149599078304017,0.18367457692401212,-0.08679585023296305
1.5799999999999368,0.17738503327235075,-0.0662390884365593,-0.040514096664961786,-0.01704302539737233,0.2193117555930209,-0.12020849779225283
1.5899999999999357,0.17721434757382323,-0.06423820690325249,-0.0411286858943947,-0.01700470387801462,0.20101135808302525,-0.08039324843834404
1.5999999999999346,0.17704782784829703,-0.06235567947572989,-0.042000027468821366,-0.016307601810567653,0.1660781074191138,-0.06161699535647133
1.6099999999999335,0.17688097738232816,-0.06052471588650921,-0.04283639835111613,-0.017146549960440072,0.18451478793125725,-0.04372406130931047
1.6199999999999324,0.17670631887493846,-0.058518973158340794,-0.04352445617497797,-0.017613203995773426,0.19780270157867333,-0.050876140576159405
1.6299999999999313,0.17653126193713153,-0.05653409288621541,-0.04426404886154625,-0.017353733082576175,0.19584851715742674,-0.09117027338070309
1.6399999999999302,0.17635404761282278,-0.05452935186409545,-0.04498836676267976,-0.018243801887237045,0.22096715627078245,-0.08848634234134702
1.649999999999929,0.17617104788212387,-0.05244477720036696,-0.04547274584989403,-0.018202991415197812,0.20403075624897526,-0.05308612818924685
1.659999999999928,0.1759924432397733,-0.050461897359862534,-0.046292923156794216,-0.017635629092169185,0.16954115592202018,-0.020918332167994907
1.6699999999999269,0.17581141959577481,-0.04845631262897032,-0.047075792449972,-0.018696148013541324,0.19846466196006424,-0.010640178001190345
1.6799999999999258,0.17561931257612315,-0.04622112372999498,-0.04749582936726573,-0.019352541378418357,0.2405854958219452,-0.0899962295509104
1.6899999999999247,0.17543060992316234,-0.04405491339260734,-0.04824017975282026,-0.018427513978618804,0.1968385210709603,-0.06840251527060051
1.6999999999999236,0.1752442604834188,-0.041982709334647,-0.04911017070816856,-0.018903602630023685,0.21777056588267593,-0.09892212797635076
1.7099999999999225,0.17505085798626632,-0.039797115986511714,-0.049696993142454834,-0.019761825980395168,0.23606174789243625,-0.07545953312718998
1.7199999999999214,0.17485481057937918,-0.037574051665095295,-0.05025692639510149,-0.019364774291498726,0.2327380631500109,-0.12644443983519674
1.7299999999999203,0.17466516699532497,-0.0355420636205798,-0.05109175064348939,-0.01874280412349729,0.1781984861607574,-0.03483356375034503
1.7399999999999192,0.17447408997328298,-0.033507301163019663,-0.05193272300489098,-0.019521689972172677,0.22786212525868046,-0.12447487394057676
1.749999999999918,0.1742748407697047,-0.03129563002216291,-0.052562615760236,-0.020457268408617918,0.2321252422239634,-0.044629074320199906
1.759999999999917,0.17406986710711486,-0.02893622267265158,-0.05316262396800065,-0.02012003316234774,0.24019490040270572,-0.12574549103236798
1.7699999999999159,0.17387390834492691,-0.026846402994616173,-0.05408205365479177,-0.01952256084800458,0.20197695695248316,-0.08542411808318873
1.7799999999999148,0.17367249777041371,-0.024647024406888676,-0.05488221495327605,-0.020669962090244506,0.22354195457398204,-0.037496443784071756
1.7899999999999137,0.17346390735732353,-0.02229433715712611,-0.05549578306643376,-0.020794050590607287,0.2298888027813693,-0.0586019979926964
1.7999999999999126,0.17325830714115817,-0.020054787868975972,-0.056236316658814275,-0.02059040884949423,0.22407992385603284,-0.07847588972776628
1.8099999999999115,0.17304841873018376,-0.017720823077492537,-0.056933666857206515,-0.02122311143261329,0.24654920159603932,-0.09280038305034369
1.8199999999999104,0.17283738673044266,-0.01539444279274559,-0.05761801011656151,-0.020893256048036345,0.2351339132966124,-0.1087316576153079
1.8299999999999093,0.1726304352104292,-0.013231446325817709,-0.05839478167839279,-0.020938348238755195,0.23040255300440465,-0.10292270414773592
1.8399999999999082,0.17241499471712718,-0.010836067926482328,-0.05908193801219164,-0.021975142692465557,0.2514671108571998,-0.06408182580743776
1.849999999999907,0.17219737433512794,-0.008359088518192778,-0.05992018116335178,-0.021204878274250383,0.21406830484646197,-0.04635295489121066
1.859999999999906,0.17198767540995705,-0.006189739495909438,-0.06083005717296732,-0.021153921374368674,0.23210272534192286,-0.1264245071282323
1.8699999999999048,0.171769807443773,-0.003825582774881169,-0.06155810905941389,-0.022248007041646013,0.24131853264409595,-0.04121612189925636
1.8799999999999037,0.17154856296554116,-0.0013853886887411774,-0.062272933293369935,-0.02177036834933048,0.22952699829414236,-0.07285800655585611
1.8899999999999026,0.17133306976525586,0.0008716779075873021,-0.06320958213442587,-0.021496861082363282,0.20810818623805563,-0.04944399308237131
1.8999999999999015,0.17111382617085344,0.00321649384026796,-0.06412916535096197,-0.02243311074935451,0.25262211922854727,-0.09765987558804294
1.9099999999999004,0.1708877441413832,0.0056997707555557975,-0.06482261910631552,-0.022646391117509365,0.26586826193485213,-0.12858776007550374
1.9199999999998993,0.17066208236093922,0.008133404048016777,-0.06553429209523395,-0.022722876451662107,0.2523912289145626,-0.08853384865105864
1.9299999999998982,0.1704342628049251,0.010573213160918922,-0.06613927819537829,-0.02266681651968933,0.24335787518392718,-0.07862894051247792
1.9399999999998971,0.17020627571816455,0.013004753573637612,-0.06682641616206625,-0.023011946321139735,0.24995021285406033,-0.07183371206117718
1.949999999999896,0.16997596197818216,0.015534454987179487,-0.0676828923076672,-0.023011084384855388,0.2600955439008407,-0.11755980036379458
1.959999999999895,0.1697473503056444,0.01798970660773757,-0.06862687176899704,-0.022909558635614207,0.24358244779847218,-0.08867097849208329
1.9699999999998938,0.16951668227549785,0.02052814640430528,-0.06972184021736799,-0.023257422915163167,0.2508664813876238,-0.08320824728933351
1.9799999999998927,0.16928235992863422,0.023102451377749668,-0.07061840589287452,-0.023586330459862623,0.266642117722847,-0.10710704449221216
1.9899999999998916,0.16904630679695762,0.0256771630871378,-0.07142836268816187,-0.023800096032903437,0.28267517030866174,-0.14531851178746236
1.9999999999998905,0.16880680322325212,0.028356211561439904,-0.07227979211572051,-0.02402674917902802,0.29008219140430014,-0.15358352395285196
2.0099999999998897,0.1685704043516932,0.03094053293834853,-0.07331331427725556,-0.02331304464896244,0.2463729382052635,-0.10956328002611528
2.0199999999998886,0.16833604819222925,0.03340780168722953,-0.07433348732258718,-0.023702765187046757,0.24181827806645242,-0.05997508376999234
2.0299999999998875,0.16809588530276892,0.03598472073672023,-0.07512616300795862,-0.0242011532040951,0.2522395973990486,-0.0449883212620933
2.0399999999998863,0.16785301906262864,0.0386487395756127,-0.07598552499467094,-0.024407840495862136,0.26319528444122886,-0.066421484587835
2.0499999999998852,0.1676085313715825,0.041317371538955636,-0.07677267018700994,-0.024419220667658028,0.2606009817806935,-0.06747659748651559
2.059999999999884,0.1673647828541754,0.04398894701830612,-0.07776672492691022,-0.024445964045828026,0.2792439571835954,-0.13516557098107462
2.069999999999883,0.1671205058390285,0.046606486570882955,-0.07863082446188384,-0.02466475156847212,0.27972768989843955,-0.12094061305888487
2.079999999999882,0.16687266815230586,0.049343102966382356,-0.07955238454330382,-0.02468770904192524,0.2511539936692197,-0.03654966410724323
2.089999999999881,0.16662557579939263,0.052017464412698215,-0.08046747033246739,-0.024788316977236928,0.2813199400345394,-0.1316914337459784
2.0999999999998797,0.16637741663136862,0.05471049445105805,-0.0814158960770063,-0.024852458461084033,0.2781076315023131,-0.12375376509056397
2.1099999999998786,0.16612667008868848,0.05745132291604533,-0.08230390306291852,-0.02521428659051413,0.27459465279714407,-0.07836130152516098
2.1199999999998775,0.1658737600540353,0.060225803104901623,-0.08313379498501987,-0.025327546590315293,0.2986741549492826,-0.15134156008752908
2.1299999999998764,0.16562218372792584,0.06294811352396837,-0.08405586292828224,-0.025174288484383585,0.26946802515045026,-0.08622743731794949
2.1399999999998753,0.16536734130430225,0.06576816046226165,-0.08498822387793137,-0.025660605508138253,0.3068014433873851,-0.15560582758826824
2.1499999999998742,0.16511361242598074,0.0685010604224352,-0.08587149063941515,-0.025137170941244277,0.27123888131803775,-0.11536654041480619
2.159999999999873,0.16486149204234424,0.07120743366504115,-0.08696235831078317,-0.025323567204977793,0.27207481130654443,-0.10476630090966194
2.169999999999872,0.1646064829635681,0.07398992127222984,-0.08803556783178877,-0.025703467610872145,0.28556209027789475,-0.11030417179694507
2.179999999999871,0.16434752571560765,0.07682950902036914,-0.08889500617139791,-0.026002602470407962,0.274996307062146,-0.04857211288542023
2.18999999999987,0.16408730342355815,0.0797122987428504,-0.08982156742900463,-0.02600919860234,0.2705449603675967,-0.04208355338310065
2.1999999999998687,0.1638263748014382,0.08254998212590596,-0.09060196857127674,-0.026086329411447888,0.27999880904723984,-0.07105408636642116
2.2099999999998676,0.16356567939675856,0.08541494579349868,-0.0915813300576867,-0.025970884004993297,0.29918502247269546,-0.1545439873940948
2.2199999999998665,0.16330832655425648,0.08818120369232862,-0.09274463816196271,-0.025591174756061447,0.2744279264217503,-0.13149383116984795
2.2299999999998654,0.16304919115876051,0.0909264058015443,-0.09370690808459822,-0.026264501904026075,0.285249117492112,-0.09092921482457293
2.2399999999998643,0.16278520339940364,0.09387947050286495,-0.09480675125683637,-0.026498584775688096,0.3132661067755384,-0.1581982899865527
2.249999999999863,0.16252113733330242,0.09682877791405596,-0.09596044271799618,-0.02624755835756057,0.2928441406896027,-0.13226104976489458
2.259999999999862,0.16225895130553672,0.09964688059831839,-0.09700936227583562,-0.02634672894147253,0.29139650158307073,-0.12309444678641843
2.269999999999861,0.16199396888503564,0.10254503799626055,-0.09803915822529385,-0.026715745663068516,0.31479071505896816,-0.15825826549375804
2.27999999999986,0.16172576239795097,0.10555552075698972,-0.09909261331546654,-0.02682935804651615,0.3056571411321873,-0.12215681553240965
2.289999999999859,0.16145777132754718,0.10850993572520255,-0.10006461038975538,-0.02673248069746994,0.29649102885705997,-0.11222794024000618
2.2999999999998577,0.16119066266457768,0.11143732080999477,-0.10113042669601224,-0.026658104698118742,0.29395072160726216,-0.1204161175294226
2.3099999999998566,0.16092404070736613,0.11429835923025712,-0.1021177108987474,-0.026641423019885185,0.291088133735025,-0.12038458907413178
2.3199999999998555,0.16065719771650608,0.11717713935652606,-0.10320102405912727,-0.026702206581985747,0.28972899924293777,-0.11522165146076348
2.3299999999998544,0.16038897229366078,0.12009646407320465,-0.10430388053808923,-0.02694733095029614,0.3046281828045619,-0.1375257824696904
2.3399999999998533,0.16011829914611891,0.12308168518703783,-0.10536780650260423,-0.02708577695631749,0.2851174956245746,-0.06516951450098449
2.349999999999852,0.15984828960982464,0.12605237324488128,-0.10652890890689123,-0.02691196234803742,0.2962045838053815,-0.12756706449554156
2.359999999999851,0.1595767546165454,0.12908156816737068,-0.10773926412774032,-0.027386574269888095,0.31116882781879707,-0.120195185891873
2.36999999999985,0.15930195666305585,0.13215654750220518,-0.10873561725679078,-0.027463658634887488,0.29703005835930674,-0.07168013943250645
2.379999999999849,0.15902872235611537,0.13520077739474198,-0.10988561018284503,-0.027107543286901885,0.3092505780865073,-0.15992021518689917
2.389999999999848,0.15875671260457902,0.13820336424695046,-0.11111475177273107,-0.027217554212914254,0.30018597740674446,-0.12326941648142464
2.3999999999998467,0.15848358219572387,0.14117872252570138,-0.11217066407249944,-0.027435753815369213,0.3126797010194765,-0.1395621201809425
2.4099999999998456,0.1582055865061485,0.1443293465039581,-0.11320246274861549,-0.02796323393537693,0.30821836373697636,-0.06343361258288699
2.4199999999998445,0.1579292779821464,0.14733965233305674,-0.11405849024025971,-0.027218884113831374,0.30323171339164695,-0.14707479347074007
2.4299999999998434,0.1576567129555703,0.150265162154839,-0.11517684467812947,-0.02755467831337612,0.2997548702266522,-0.09867347986156386
2.4399999999998423,0.15737710328513346,0.15346355677797388,-0.11628753411984304,-0.028271171962822323,0.32998886624566665,-0.10480148175914494
2.449999999999841,0.15709771558429628,0.15658273201632006,-0.11722105625288484,-0.027460856664432515,0.2887407571545314,-0.08497816802994967
2.45999999999984,0.15682749471548096,0.15940975601730967,-0.11846952553433465,-0.026820787136854186,0.25611076416802686,-0.07133400492033139
2.469999999999839,0.15655576444474012,0.16221685876965514,-0.11951356170717857,-0.027816031272431856,0.2988207114075955,-0.08005900741394535
2.479999999999838,0.15627346335692077,0.16541423019048732,-0.12044226970997521,-0.02824184933471559,0.3431588867617399,-0.16465223925548517
2.489999999999837,0.1559948533869165,0.16849252971171974,-0.12150962770129212,-0.027507667595004993,0.2879250065789187,-0.09283136250202298
2.4999999999998357,0.1557190643315534,0.17142870740444302,-0.12253982915453092,-0.027911772479376398,0.3079097748500437,-0.105795031400837
2.5099999999998346,0.15543467894438198,0.1746935752550281,-0.12350173725415929,-0.02870912841615852,0.3399959647568027,-0.10376760432300063
2.5199999999998335,0.15515000539473353,0.1779353974549719,-0.1243789138311763,-0.028104861487986504,0.3251276889412913,-0.13855171505673292
2.5299999999998324,0.1548727901449971,0.18093585441320975,-0.12551005714964705,-0.027598828992335393,0.2767889133138589,-0.05981378543445068
2.5399999999998313,0.15459340763020343,0.18402764668608432,-0.12667169147869775,-0.028401605372025972,0.3362237180438618,-0.13989237585666053
2.54999999999983,0.15430822489175314,0.18724372209104928,-0.1274853473546979,-0.028441383263497676,0.31564969171193835,-0.07423062028660317
2.559999999999829,0.15402617032334515,0.19045885187435593,-0.1287228427014185,-0.028010249181517156,0.29709977645042907,-0.07623141630786205
2.569999999999828,0.15374525193642302,0.19360389598208774,-0.1299197993036544,-0.028325535438727397,0.31595526258873985,-0.09493205797533918
2.579999999999827,0.15346212208378907,0.1968325169055381,-0.131104689588464,-0.028100584323616853,0.3087771801853902,-0.10456051041847987
2.5899999999998258,0.15318236264587787,0.19993699972107434,-0.13237519264425568,-0.028079473759135325,0.32493522529223373,-0.15848954492007467
2.5999999999998247,0.15289685757120083,0.20326566617638345,-0.1335936114940341,-0.028907240785833573,0.341023889585626,-0.10054156257245168
2.6099999999998236,0.15260881310212798,0.2066350682478673,-0.1346155920810074,-0.02847650858883933,0.33694089279628575,-0.14569008991393784
2.6199999999998225,0.15232888276215606,0.20972638567822346,-0.13587897354762327,-0.027730311971801168,0.30116864368699175,-0.13799929363548852
2.6299999999998214,0.15204939325016129,0.2128168225037206,-0.13722056733839608,-0.028434898238094086,0.30006997233946636,-0.04453061565320507
2.6399999999998203,0.15176093960877216,0.2161969988997988,-0.13826992615486666,-0.028943907554505807,0.34149430745532805,-0.10273317736162023
2.649999999999819,0.15147544214581687,0.21954345323872007,-0.13961506884114572,-0.0281358980100335,0.31019568541395964,-0.11648534277597505
2.659999999999818,0.1511945868175289,0.22266097826902456,-0.1409018823924374,-0.028260884315206392,0.3233773769123399,-0.14114264004586763
2.669999999999817,0.15090745570133177,0.22600859254431618,-0.142061289354918,-0.029004438304014314,0.35449628814354234,-0.13660568764547906
2.679999999999816,0.15061891982490644,0.2294029812550532,-0.14318002688723286,-0.028489137433425942,0.320579336127171,-0.10425532468221296
2.6899999999998148,0.1503382427386721,0.2324943851122626,-0.1444476927504372,-0.027885585289817418,0.2996203597965652,-0.1234595685997427
2.6999999999998137,0.15005665605186191,0.2356430994308005,-0.1457805715438152,-0.028610284428559767,0.3218465385740856,-0.09463404631010564
2.7099999999998126,0.14976697078817108,0.23897734351990393,-0.14659548673690082,-0.029119584270941454,0.3274592329767133,-0.04372741749160042
2.7199999999998115,0.14947901252396623,0.24233326590163637,-0.14770461092280773,-0.028391206252470293,0.324482977900949,-0.13211585490046304
2.7299999999998104,0.14919584087455845,0.24551628649538287,-0.14894629326593903,-0.02843048405559736,0.3279953600996053,-0.13809494423430255
2.7399999999998093,0.1489082782177746,0.2488399994501888,-0.15002288685487267,-0.02891242597360696,0.35184939986256836,-0.14420776750352038
2.749999999999808,0.14862166635493507,0.2521741947469812,-0.15125821442253098,-0.028263993790481744,0.31812803623832225,-0.13185037803281702
2.759999999999807,0.14834026402762962,0.25527550190415405,-0.1525117333995322,-0.02821763175052252,0.3222408394251987,-0.15095631139747684
2.769999999999806,0.14805489173934677,0.25857781378244693,-0.15382792301839332,-0.028693980340807754,0.3280830902273845,-0.10423548154819916
2.779999999999805,0.14776759096766404,0.26194822472052637,-0.15508259820234815,-0.028783511883013254,0.35675522829817347,-0.17575189102403518
2.7899999999998037,0.14748130639114468,0.26530668776933397,-0.15643530669878286,-0.028537409417950986,0.3309905242871389,-0.1332232783663444
2.7999999999998026,0.14719376012674754,0.2686022046529895,-0.15743088857464232,-0.028908086672133494,0.32995685583210976,-0.07976395129440418
2.8099999999998015,0.1469068785557331,0.2719527778579701,-0.1586713552139728,-0.028417447220550295,0.3197258136314054,-0.1158184291468981
2.8199999999998004,0.14662290476693535,0.27521371159024527,-0.16004135369731318,-0.02849696521002167,0.33006439059945647,-0.1349364763495504
2.8299999999997993,0.14633512640149118,0.27856312302423314,-0.16114810199640514,-0.029046942114450747,0.3499972396832626,-0.11734669037534302
2.8399999999997982,0.1460452904608677,0.2820231402532925,-0.16228533947983095,-0.028735267875745877,0.3449627229256836,-0.14389065747040305
2.849999999999797,0.14576197613579425,0.2852793697150554,-0.16371186134607166,-0.02803200284288147,0.3198036330463678,-0.16650853413277839
2.859999999999796,0.14548028351535944,0.28845156930371835,-0.1651146436053734,-0.028481482888024573,0.3355729923272875,-0.15044102605504311
2.869999999999795,0.14518979287323047,0.2919275632995856,-0.16618337974344868,-0.02943141264966533,0.37084178643058885,-0.12056217207383928
2.879999999999794,0.14489799931575822,0.2954128875186108,-0.16708136353531391,-0.028637161067869264,0.33906607354764584,-0.13598748752383463
2.8899999999997927,0.14461409068858588,0.2986310275003521,-0.16827970481978283,-0.028283696203299267,0.33650424557040987,-0.17635867386031265
2.8999999999997916,0.14433051952155618,0.30182655741884584,-0.16945278202753478,-0.028572222137251902,0.33490863837853446,-0.13127405948987034
2.9099999999997905,0.14404090812164883,0.30532416243059524,-0.1706466041679249,-0.02917958695689329,0.363435343759365,-0.12733621561125433
2.9199999999997894,0.14375115200074348,0.30877923519245354,-0.17167861452486652,-0.028564094062680095,0.33337558352328595,-0.1244740335244368
2.9299999999997883,0.14346898630500965,0.3119520582643679,-0.17294005671510568,-0.028090814853018783,0.3013534303819321,-0.09781538011678721
2.9399999999997872,0.1431857809619915,0.3151857861021021,-0.17422198424766436,-0.028741311353582967,0.35351241992021876,-0.15488452764348745
2.949999999999786,0.14289542874874672,0.3186242681732654,-0.1750771218614119,-0.02907886740010695,0.33611999873176174,-0.056286348282582194
2.959999999999785,0.1426084948845063,0.32197601921399704,-0.17613804503317051,-0.02829770914095539,0.32044637218876737,-0.11850046246050747
2.969999999999784,0.14232628207397896,0.3252122171724527,-0.17751249160968216,-0.028338351872257667,0.33409389197449774,-0.15001575644185086
2.979999999999783,0.1420385696264268,0.32862841242193847,-0.1786106302739494,-0.02905010382381342,0.3625617729530703,-0.12866741066580625
2.9899999999997817,0.14174954311052823,0.33209799010017177,-0.1796493911519053,-0.028610755542306496,0.3589193169701798,-0.17705560469886703
2.9999999999997806,0.14146592509036152,0.3353698202997881,-0.18086575942472607,-0.028271594320575258,0.3124645300524194,-0.09203235154808848
3.0099999999997795,0.14118313632181345,0.3385995387455546,-0.18206176611083794,-0.02841621138366541,0.3416924081257951,-0.15181905911281937
3.0199999999997784,0.1408948464941746,0.34211882560371537,-0.18327253528621215,-0.029120021020743778,0.35425659533258697,-0.08506226757288461
3.0299999999997773,0.1406051236822436,0.345641530565939,-0.18425892062071744,-0.028596422000872437,0.35246531775201645,-0.15059323506724911
3.039999999999776,0.14032416356220767,0.34885984622145855,-0.18560560502791262,-0.02774723835847957,0.31188559617592115,-0.15533285979381106
3.049999999999775,0.14004568706033085,0.35192317671123946,-0.1868544991098577,-0.028147703738850675,0.3098903072508877,-0.09143119571712091
3.059999999999774,0.1397613855103656,0.3553335616645292,-0.1882202726962491,-0.028694347943270603,0.33819335755142593,-0.08962305870338512
3.069999999999773,0.13947448278855654,0.35880094652255246,-0.1893412635086439,-0.02865789902783012,0.3497640151603678,-0.12326237707697482
3.079999999999772,0.13918872309489644,0.36222960190950493,-0.19048182523462648,-0.02848944995070093,0.3472709385496234,-0.13681951351473604
3.0899999999997707,0.1389027980296552,0.36566632271278976,-0.1915862902826939,-0.02871049152087291,0.34464461328258655,-0.09451273724541241
3.0999999999997696,0.13861620857853477,0.3692211681070003,-0.19288464627312857,-0.028449466479919226,0.345233593698341,-0.12967526155780623
3.1099999999997685,0.13833312483533286,0.3725498205283672,-0.19402702182133286,-0.02817041228201197,0.3344276318785835,-0.13672115855088685
3.1199999999997674,0.13804990425733724,0.37591627098480607,-0.1952215649841021,-0.02846225183062716,0.3538447397235459,-0.14474953914243635
3.1299999999997663,0.13776631267048065,0.3793361618694548,-0.19647403966223978,-0.02825751612466759,0.33950838378993753,-0.13128833991335195
3.139999999999765,0.13748258309395972,0.3827750020109357,-0.19772203976108807,-0.028432305617037548,0.3455215372536734,-0.11882111233858235
3.149999999999764,0.13719869923610944,0.3862093476286676,-0.198897287907843,-0.028187892634878028,0.3521095645175257,-0.1681569222017173
3.159999999999763,0.1369196092461298,0.3894860618899452,-0.20030019749782682,-0.027829721308292404,0.3037712355756429,-0.08525757076018846
3.169999999999762,0.13663980608874943,0.3927354102072069,-0.2014925385060772,-0.028343494570895782,0.3324812711410656,-0.08523798425609727
3.179999999999761,0.13635379025142996,0.3962837929091701,-0.2025525404890509,-0.028544392184591677,0.3506791721333672,-0.10059335006755893
3.1899999999997597,0.13607367935559295,0.39959606953198085,-0.2037871909833415,-0.027617573187882116,0.2955218651701452,-0.08251319006080603
3.1999999999997586,0.13579877664301493,0.4026558463388036,-0.2050638793969901,-0.02757710710783082,0.31877157331307926,-0.1478040922070403
3.2099999999997575,0.1355184465390403,0.40603542924170294,-0.20637137300296218,-0.02850816993899538,0.3665800289609104,-0.13580996713044743
3.2199999999997564,0.13523146544700976,0.40962902223087655,-0.20722842173474695,-0.02852086016435789,0.37288254649655855,-0.14493193042011338
3.2299999999997553,0.1349527012978487,0.4128856736503282,-0.20833309453062185,-0.02716483351728302,0.30557931161702706,-0.1590224924433325
3.239999999999754,0.1346837605789374,0.41568307160481904,-0.20961444425274345,-0.026771318180625774,0.2820881427415257,-0.15086535840426576
3.249999999999753,0.13441278833450152,0.418680149651279,-0.2110942420538695,-0.027627435034397744,0.32366210458589284,-0.13151085222082354
3.259999999999752,0.13412947045077075,0.4222046643061395,-0.2121057891093368,-0.028711237296228542,0.3705818833902418,-0.08981757564317912
3.269999999999751,0.13384827212860548,0.42567485722398596,-0.21321664783437894,-0.027368504416340776,0.32192949779423247,-0.15246389984695502
3.27999999999975,0.13357888602090673,0.42854509782385247,-0.21442878052851402,-0.026632786951681572,0.28314367812169583,-0.15394377086940017
3.2899999999997487,0.13331071288414242,0.43139585256011165,-0.21572151130620165,-0.02719882088459053,0.29881500001966915,-0.10631951920004229
3.2999999999997476,0.13303232256243774,0.43481167187581676,-0.21692709917805592,-0.028472635040930838,0.365958002998279,-0.08666500706735579
3.3099999999997465,0.13274988343481567,0.4384144061109516,-0.21794096167037874,-0.027590003902760122,0.35350013747499187,-0.17683292109475057
3.3199999999997454,0.13248146361463697,0.44141838142257145,-0.21939831389666115,-0.02622753750654832,0.2714523656631429,-0.15860659353107256
3.3299999999997443,0.13222039361999177,0.44395225052675147,-0.2206647039784463,-0.02618215928133961,0.25516928791300086,-0.11730998783682658
3.339999999999743,0.13195354676971704,0.44681652964708624,-0.22186920126888873,-0.027431825115722945,0.3157998185078044,-0.08148658460767624
3.349999999999742,0.13167255090754496,0.4504312904350143,-0.2228244434732523,-0.028295709998513198,0.36419780988133327,-0.06781869663772536
3.359999999999741,0.1313957881288189,0.45392836516141055,-0.2240050301762891,-0.026979934950342795,0.3252799394223595,-0.15453319634526153
3.36999999999974,0.13112967061505534,0.4568847695288197,-0.22529479962297622,-0.02634052617567421,0.29790047845762524,-0.1717164269296228
3.3799999999997388,0.13086432538369977,0.45990886450773955,-0.2267947915571573,-0.026870208380185598,0.32572719512315895,-0.15527684496806252
3.3899999999997377,0.1305903677060113,0.4633519832097698,-0.22798258912569408,-0.02776098159512011,0.35297160976329545,-0.08050052808579965
3.3999999999997366,0.13031327881081625,0.46693433193917505,-0.22894527235921264,-0.027481840997046328,0.34946059837514265,-0.10248630517621943
3.4099999999997355,0.13004330576362202,0.4702908621773893,-0.2302990313699696,-0.026608130073371046,0.3220465198962456,-0.1546222204891154
3.4199999999997344,0.12977723320400777,0.47340559141206523,-0.23152831073978955,-0.026751641068574795,0.3158234394090287,-0.10730952723974141
3.4299999999997333,0.12950621864481526,0.4767686511158226,-0.23253968631933916,-0.027402252196223463,0.3359178666777474,-0.04879858270383152
3.439999999999732,0.12923385787917618,0.48028627723347583,-0.23362881666335736,-0.026956289101687306,0.3325292056687264,-0.09709763489500851
3.449999999999731,0.12896963959838392,0.48340029387174127,-0.23482991834235073,-0.025990960211271553,0.28739127981772905,-0.12028805455975741
3.45999999999973,0.1287105966557218,0.48626129379959904,-0.23608681130436282,-0.026075843775311615,0.2795161037933292,-0.07797344984958512
3.469999999999729,0.12844694969747394,0.48945627285821114,-0.2373826226490518,-0.026737260005408152,0.33408410120739457,-0.103632610659909
3.4799999999997278,0.1281783296845271,0.4928652146893561,-0.2383387092379267,-0.026814896013286363,0.33884055470034263,-0.09160602226350237
3.4899999999997267,0.12791412445546016,0.49621386691574265,-0.23970432465958078,-0.026068183637907506,0.3127932457153708,-0.12975282983840555
3.4999999999997256,0.12765428596196993,0.49928357125229234,-0.2409317183488508,-0.026066565842072648,0.31034412166700254,-0.11292334915404426
3.5099999999997245,0.12739120843991442,0.5025845110883315,-0.24212352391560643,-0.026545625486000125,0.3358723130938435,-0.09068894904580425
3.5199999999997234,0.12712648454553868,0.5059916375165827,-0.24320219140288674,-0.02621631778669559,0.34419725053499306,-0.15009618728811663
3.5299999999997222,0.12686736569686488,0.5091780488051223,-0.24448059251964951,-0.025720259835200692,0.31067275513837295,-0.13205539615592968
3.539999999999721,0.1266089077423361,0.5123486624676983,-0.2457057504810556,-0.02594363871104287,0.342110524471696,-0.16342257916989125
3.54999999999972,0.12634958160754636,0.5156291743415657,-0.24694621308832315,-0.025910977358531123,0.314881262989784,-0.08860880956270864
3.559999999999719,0.1260909386751577,0.5188901991244992,-0.24812046316202968,-0.025800539520870937,0.3266079708699628,-0.12237200559241682
3.569999999999718,0.1258354287861618,0.5220822241668429,-0.24949110909443428,-0.025337185703776334,0.32271456682658545,-0.1731498594834142
3.5799999999997167,0.1255805817413838,0.5252434485876578,-0.25076656219813864,-0.025511894818342422,0.34076194949548105,-0.1774623172481926
3.5899999999997156,0.12532516452045464,0.5284896461204944,-0.2520331263501266,-0.025557730083920916,0.32128358499059395,-0.1094453913068888
3.5999999999997145,0.12507058304426497,0.5317642866894937,-0.25337008615269463,-0.025260739242772154,0.3199198338426815,-0.13987997052794043
3.6099999999997134,0.12481877715597084,0.5348822157782032,-0.25463306313027945,-0.025114911738771676,0.31197320213140856,-0.1306839617966495
3.6199999999997123,0.1245657364392905,0.5381020446457658,-0.25581704482981343,-0.025447890330506366,0.351064145035071,-0.15937226854220318
3.6299999999997112,0.12431135976645581,0.5414327436934423,-0.2569197935343508,-0.02525435659593802,0.32118112710728525,-0.10362692096166717
3.63999999999971,0.12405986257367894,0.5446805630644398,-0.2581413834870227,-0.025043756485127418,0.3229599830422592,-0.12780378947837137
3.649999999999709,0.12381207968529451,0.5477956145027578,-0.25949984007237925,-0.024538580129299308,0.3137949237175527,-0.17302859568762577
3.659999999999708,0.12356536549065841,0.5508655810836378,-0.26078768860984214,-0.024843814867063906,0.3004340636029354,-0.07869285249538997
3.669999999999707,0.12331497486548726,0.5540543683310823,-0.2616332449156126,-0.02511594381401466,0.3382209306483399,-0.11127210222136903
3.6799999999997057,0.1230654462266405,0.5573327474487981,-0.26268583911769156,-0.02461441786243837,0.3288905429941286,-0.15491987552155123
3.6899999999997046,0.12282157105852558,0.5603081737694311,-0.26378345191431285,-0.024155544367361455,0.2780570969150991,-0.09395333478764109
3.6999999999997035,0.1225799513088569,0.5632084614740822,-0.2649300928909592,-0.02434928173726689,0.30914477161973325,-0.12295124131469386
3.7099999999997024,0.12233273626986896,0.5664460046098548,-0.2658297985176435,-0.024907251182770436,0.3425408622810073,-0.09670587029793448
3.7199999999997013,0.12208729561780617,0.569697187673763,-0.2668956233061122,-0.023944112709629324,0.2976257102768455,-0.1314541335246981
3.7299999999997,0.1218524822725886,0.5723316501011427,-0.2680876558963502,-0.023236050516129446,0.2349724406558268,-0.08538145241992666
3.739999999999699,0.12161969686398244,0.57484926310934,-0.269200759302451,-0.023505481082347703,0.28231549413290263,-0.13927348774998055
3.749999999999698,0.12137881188017458,0.5779316676313858,-0.2701743442558962,-0.024476507193458102,0.33913625560214333,-0.09830436789481466
3.759999999999697,0.12113669165015306,0.5811676563754047,-0.27114048753970643,-0.0236202045368293,0.305705375403782,-0.1432541753921077
3.769999999999696,0.12090422387526699,0.5839600537590527,-0.2724901741160111,-0.023153554931251336,0.24349388652370002,-0.0594208128550171
3.7799999999996947,0.12067242296891884,0.5867082658281225,-0.2736941742535801,-0.023457222783267447,0.30234596269903785,-0.13105241293082787
3.7899999999996936,0.12043374520974026,0.5899004808335812,-0.2746359166282416,-0.023998919464766986,0.31688381536003934,-0.058343217362230644
3.7999999999996925,0.12019885518425176,0.5929415240461153,-0.2756765382850136,-0.022963295522753644,0.26088250687137204,-0.08242525402647197
3.8099999999996914,0.11997330801646648,0.5954766715873596,-0.2769269429667055,-0.022374499850179037,0.2505761395055492,-0.1402431500405875
3.8199999999996903,0.11974709382520068,0.5981263554708821,-0.27817181736331426,-0.023064424827082552,0.2873122727468433,-0.0942261395189494
3.829999999999689,0.1195116622423193,0.6013373664938578,-0.2790041114751673,-0.023756260699470406,0.3369786794101671,-0.07466098715927216
3.839999999999688,0.11928025424331658,0.604434537503928,-0.28005337110074247,-0.02237207669334732,0.26684405061486416,-0.12559182109449984
3.849999999999687,0.11906110341323947,0.6068060493676773,-0.28130925625605285,-0.02163290467585587,0.2241971421041466,-0.13486984340992944
3.859999999999686,0.11884308368892242,0.6091311963229883,-0.2824821441661935,-0.02215932322323547,0.2555934064115362,-0.10158168498546728
3.869999999999685,0.11861627842736427,0.612142066536846,-0.2835655602197086,-0.023040197001289835,0.3379044905354757,-0.12169642377703078
3.8799999999996837,0.11838799740442348,0.6153298562057169,-0.2846000117457908,-0.022296265627087777,0.3093597688016001,-0.1609636783481987
3.8899999999996826,0.11816934985918293,0.6179507467451264,-0.285770605709897,-0.02153701627904736,0.23880554763859416,-0.11024282882102183
3.8999999999996815,0.11795381835791022,0.6204237248201634,-0.28694446136008006,-0.02168036741129696,0.28059280620616645,-0.1614056028830712
3.9099999999996804,0.1177320548682977,0.6234228549086667,-0.2880560552183972,-0.02252251343006801,0.31030975884413964,-0.06565494912035208
3.9199999999996793,0.11750926399395413,0.6264772894964159,-0.2889061306061845,-0.021685751824908377,0.30274139651237386,-0.16844141460430218
3.929999999999678,0.11729634666728084,0.6289948954985556,-0.2900188472864658,-0.020987445831314067,0.22846928261397917,-0.1010519887659954
3.939999999999677,0.11708676344342012,0.6314784594753051,-0.29142372730192573,-0.02125510678283605,0.25594338006601036,-0.09715481756991957
3.949999999999676,0.1168710675874628,0.6343650618812122,-0.2924819270846173,-0.021854991009519716,0.29686013427741637,-0.06462293389112064
3.959999999999675,0.11665536041783911,0.6373233508303605,-0.2934764868769477,-0.02124626921656995,0.2837499557710197,-0.11689308944969952
3.969999999999674,0.11644350545288837,0.640119048383219,-0.2945487703770544,-0.021199953861285856,0.27504596629139577,-0.08398778129959165
3.9799999999996727,0.11623196016163373,0.6429787941457169,-0.2955971218184517,-0.021199185940144468,0.2838366649075692,-0.08151545178957566
3.9899999999996716,0.11602057522577397,0.6458682255616375,-0.2965169058484035,-0.02098008726988926,0.2984118374047783,-0.12867255836117114
3.9999999999996705,0.11581212102967356,0.6486534616674785,-0.297489357598133,-0.020772412397151784,0.27586708849354047,-0.09301719773556744
4.009999999999674,0.11560550684436728,0.6514740411602277,-0.2986352425664396,-0.02064354256921712,0.257918838136783,-0.05414993224091917
4.019999999999677,0.1154010386031688,0.6541875429489322,-0.2996978430059082,-0.02043428867232786,0.25520986145897634,-0.062476576379816975
4.0299999999996805,0.11519676839364519,0.6570020249568708,-0.3007931785952473,-0.020608676093531633,0.2821115273523547,-0.06845804728181176
4.039999999999684,0.11499254900100889,0.6598491326470823,-0.301743024950235,-0.020192409059976168,0.26962381995528717,-0.09087537538340786
4.049999999999687,0.11479290451908268,0.6624851194608168,-0.30280680062120735,-0.019872771839217738,0.26443443054769805,-0.1131137672081877
4.0599999999996905,0.11459362109312317,0.6652281444820717,-0.3039425064048696,-0.01987892391700839,0.2828316160191956,-0.12922971182938703
4.069999999999694,0.11439491106525286,0.6680123521455998,-0.30504128058229196,-0.019856710227012284,0.25808062461484343,-0.05761997838629634
4.079999999999697,0.11419779106127438,0.6707199090388329,-0.30602747555227044,-0.019694146686608408,0.2504754681145182,-0.04728718218843874
4.0899999999997005,0.11400334063158452,0.6733197676336842,-0.30702570294994974,-0.019365179691187288,0.26474807977826376,-0.11273338650170964
4.099999999999704,0.11380806630279588,0.6760668076076195,-0.30796704820900306,-0.019570126568521584,0.2722103725008925,-0.0699017966335604
4.109999999999707,0.11361514186797325,0.6788068869118623,-0.30907603088778535,-0.019071957236715245,0.26077247630985634,-0.11026931361429186
4.119999999999711,0.11342538399540744,0.68133549696908,-0.31006924920050627,-0.01894337718754497,0.26948897632391305,-0.12882897011771097
4.129999999999714,0.11323546339576546,0.6840160727924602,-0.31112787220126725,-0.019040363817214766,0.24503857589749636,-0.03764350597624833
4.139999999999717,0.1130473535593403,0.6865873219907211,-0.3120479451722968,-0.018732507815513947,0.26332107225453705,-0.10743569480627024
4.149999999999721,0.11285949050024781,0.6892874100929239,-0.3130519234872068,-0.01870365182983754,0.2668978696751334,-0.09694004206478214
4.159999999999724,0.11267465693481114,0.6919009731090654,-0.314181163002978,-0.018287312186784376,0.2576651666614459,-0.12858507420753285
4.169999999999727,0.11249259168998892,0.6943904877746694,-0.31531661593769084,-0.018143730927301007,0.24482816171370173,-0.10485762075829594
4.179999999999731,0.11231160055083823,0.6969204319136575,-0.31649967814415714,-0.018094358211896953,0.26165601139533445,-0.1256046754869249
4.189999999999734,0.1121305183264315,0.699411595402501,-0.31735687171767396,-0.017959765257301682,0.24735099172941602,-0.09693159134379747
4.199999999999737,0.11195337962400308,0.7018153516007887,-0.31850638953115157,-0.0174394817262426,0.2396814582371669,-0.15105505551828857
4.209999999999741,0.11177758185876456,0.7041956161821719,-0.319618472924223,-0.01776545669375482,0.25477394898278116,-0.1007620233160709
4.219999999999744,0.11159843934038521,0.706765972096579,-0.32028633527116046,-0.017804860222953953,0.26058709484007647,-0.08154348045323025
4.229999999999747,0.1114245577855882,0.7092126966261039,-0.3214058684573335,-0.017029515668863373,0.20951224641047456,-0.09311294960831736
4.239999999999751,0.11125608509932469,0.7113010413028666,-0.32253735795661,-0.01702762653207835,0.19559823176585964,-0.042571548187911014
4.249999999999754,0.11108483108387146,0.7137029301066524,-0.3235727403339166,-0.017343891288363614,0.260950606633183,-0.09417719957633457
4.259999999999757,0.1109113258805925,0.716256706757201,-0.32426600745295264,-0.01713322447697816,0.2195910236520466,-0.023976612153446993
4.269999999999761,0.11074632375684046,0.7184051479567105,-0.3254343460222589,-0.016198387646569258,0.18779955106937166,-0.10534131491800688
4.279999999999764,0.11058412991240078,0.7203757609091452,-0.32651999983190055,-0.016404488349404313,0.2203226769238365,-0.10999901144722583
4.289999999999767,0.11041718706334175,0.7227975951841591,-0.3274096587425558,-0.016875215206179652,0.24670929126906288,-0.052635665923256844
4.299999999999771,0.11025085200528494,0.72519809208198,-0.32811424427910046,-0.016333817930935166,0.2293353182996745,-0.09089906176433135
4.309999999999774,0.11008955424942467,0.7273914958197828,-0.3290721032414849,-0.016021566368348505,0.21775438913768344,-0.10005395859081563
4.319999999999777,0.10992909197097012,0.7296693962831305,-0.3301033759085902,-0.016054272116548484,0.230043111714122,-0.09366757594956966
4.329999999999781,0.10976889234440478,0.7320082591589522,-0.33105280866491515,-0.016081585312248913,0.2165860049087069,-0.036932568357203224
4.339999999999784,0.10961061117715559,0.7342364820018339,-0.33188197965540783,-0.015558698319019518,0.21741497873519441,-0.10897353879533044
4.349999999999787,0.10945561066184244,0.7363646265057461,-0.3328645166260618,-0.015552310460237117,0.2125959370040009,-0.0758351480101643
4.359999999999791,0.10930005267827642,0.7385969596064009,-0.33369869192247215,-0.01557326183136357,0.2382714007254996,-0.0969286652466342
4.369999999999794,0.10914482655497267,0.7409245612762765,-0.3345244689142438,-0.015416958842244529,0.2129229319913476,-0.0504281715709096
4.379999999999797,0.10899338427595122,0.7430474702677874,-0.3353916287299316,-0.014933587023941756,0.2143468573490759,-0.11691332645164927
4.389999999999801,0.10884392709914203,0.7452322997279525,-0.33649321506784047,-0.014997792669424873,0.2365995951060021,-0.1230580674880609
4.399999999999804,0.10869355161904308,0.7474190677024779,-0.3371746851722842,-0.014828745322986956,0.22484629516596008,-0.10578100813593248
4.409999999999807,0.10854691378263126,0.7495402214801402,-0.3381643963597857,-0.01451404998111594,0.20887823804518196,-0.10776781126475495
4.419999999999811,0.10840040289610342,0.7516708184103177,-0.33894206257513887,-0.014784526877175817,0.21660457064648764,-0.04705909699630581
4.429999999999814,0.1082533837722495,0.7539069627133841,-0.339570578496282,-0.014446490375922395,0.23530471563617175,-0.11967413213634757
4.439999999999817,0.10811140765819811,0.7559936080803418,-0.34059213152596834,-0.013851133438799219,0.20033450100806782,-0.138037495066328
4.449999999999821,0.10797271004773137,0.7578873266742711,-0.3416043881205825,-0.013957355694886564,0.1899252675404757,-0.07350812125511666
4.459999999999824,0.10783311631702742,0.759972257311468,-0.3425618510722048,-0.013935473125706034,0.21361984819815405,-0.09709796271593173
4.4699999999998274,0.10769444599964331,0.7619610840290589,-0.343252083553219,-0.013797028984056783,0.1916475915757641,-0.05554222371688062
4.479999999999831,0.1075585204193921,0.7639133703516588,-0.34412950220903527,-0.01344502207668595,0.18788656748504012,-0.08868259538326119
4.489999999999834,0.10742340575651643,0.7658682236402188,-0.3449075297168363,-0.013589969130399863,0.19829541690256025,-0.05551423367763525
4.4999999999998375,0.1072883809449982,0.7678816232581771,-0.3455537796377604,-0.013450200694855774,0.18337643466933493,-0.02765447458851722
4.509999999999841,0.10715666132572434,0.769772536360891,-0.3463312989934638,-0.01307123466744205,0.18613148493055365,-0.07831749174503372
4.519999999999844,0.1070272808648665,0.7716985499423927,-0.34735786349849906,-0.0127686246628049,0.20138774305699694,-0.13810036300795195
4.5299999999998475,0.10689896285656901,0.7735762349274791,-0.34823714284800994,-0.012810999415973244,0.19407722120157614,-0.09069267666269222
4.539999999999851,0.10677137775295775,0.77541699583422,-0.34892694768424315,-0.012533166691006613,0.1899366909103708,-0.10940780223451527
4.549999999999854,0.1066475530978091,0.7772103480132695,-0.3499799367847131,-0.012277024990888789,0.16827322394575528,-0.09187078907901305
4.5599999999998575,0.10652376548295006,0.7790225640938613,-0.3508168905361517,-0.012485444378606212,0.20083826877543773,-0.08670824295198305
4.569999999999861,0.10639891131288376,0.7809915154975751,-0.35147802654125027,-0.012355784393586089,0.17227096638595213,-0.03198823252569606
4.579999999999864,0.10627927394696994,0.7826700188814565,-0.35232992678365593,-0.011745165170116766,0.162753643436287,-0.10441168415141071
4.5899999999998675,0.10616063770333652,0.7843949419497901,-0.3531988158905098,-0.012015971625080129,0.17748123233261678,-0.05405381733838404
4.599999999999871,0.10604070883743942,0.7862802573002443,-0.3538526626029754,-0.012024478586532524,0.17475607657465325,-0.02086200657162162
4.609999999999874,0.10592326062123282,0.7880597731529461,-0.3545196079255836,-0.011494404272064291,0.16471722236020978,-0.07712584270191176
4.6199999999998775,0.10581106260142796,0.789630922429346,-0.35554693428341366,-0.011130534683448923,0.154482234834753,-0.10212235447830756
4.629999999999881,0.10569759568249368,0.7913334194340831,-0.35631175013548366,-0.011424401305378515,0.1901666389834651,-0.08453995681262656
4.639999999999884,0.10558456197474361,0.7930632448073794,-0.3569434178234497,-0.010972326916848482,0.17781420270348047,-0.12192425869417713
4.649999999999888,0.10547676943092422,0.7946191303848075,-0.3579999768692645,-0.01070840112996609,0.14314314628632727,-0.08379868138311193
4.659999999999891,0.10536851144677152,0.7962364565311711,-0.35881724508295226,-0.01098518177707976,0.1706948619302197,-0.05407387113130426
4.669999999999894,0.10525987240434484,0.7979359419490633,-0.359442694840051,-0.010666214681485011,0.1664287175176431,-0.08075503235833993
4.679999999999898,0.10515562807045867,0.7994936673881559,-0.3603913150723441,-0.010249710322836897,0.150428448130365,-0.10572473203046744
4.689999999999901,0.10505241514136793,0.8010351182754016,-0.3612459235068031,-0.010262363503467828,0.17172767236735248,-0.11494069429903704
4.699999999999904,0.10494955944383146,0.8026420806572173,-0.36202037447180585,-0.010151531465936524,0.16580661004967168,-0.0989705014132245
4.709999999999908,0.10484929252233087,0.8041709830145992,-0.36288763146959624,-0.009780525913868486,0.15232805984949407,-0.11988630280954202
4.719999999999911,0.10475205098091908,0.8055987981857347,-0.36389400608720845,-0.009701981107663028,0.14981921668612336,-0.10418620014843188
4.729999999999914,0.10465487485486678,0.8070816489956828,-0.36474517078131463,-0.009704486362720382,0.14469403189596813,-0.06790742971150336
4.739999999999918,0.1045592550375123,0.8085487016688293,-0.3656007020414229,-0.009391753976603384,0.14677500281238104,-0.10515310904959774
4.749999999999921,0.10446632526296208,0.8098815122590707,-0.3664719406669202,-0.009177769715502899,0.14141839128239292,-0.11037037246482743
4.759999999999924,0.10437365746375464,0.8112849664164251,-0.36725001219914394,-0.0092420865277518,0.1518954787800334,-0.08931299062396654
4.769999999999928,0.10428149975237314,0.8126757320134487,-0.3678331393550957,-0.008981760947626575,0.1455421615983685,-0.1013500461852921
4.779999999999931,0.10419256532788596,0.8140208994013433,-0.36868984870836846,-0.008797851893458336,0.1316025155745675,-0.08561514232557377
4.789999999999934,0.10410526088177485,0.8153340311424053,-0.3695366095200086,-0.00871956539095498,0.13683880879584084,-0.08287715023587858
4.799999999999938,0.10401831356795506,0.8166708111895647,-0.3702221148566013,-0.008618584776008964,0.12072853582845518,-0.04715740638925467
4.809999999999941,0.10393386931661588,0.8179037601089755,-0.370940842296374,-0.008402132210295855,0.11307459829647219,-0.04877069969858246
4.819999999999944,0.1038509272100003,0.8191790816860567,-0.3717529148264365,-0.008305122126173216,0.13416650542040237,-0.07691115736766978
4.829999999999948,0.10376767934402553,0.8204275536993981,-0.3721846492249314,-0.00811522090016668,0.13010624214315267,-0.07928223019653032
4.839999999999951,0.10368858516005311,0.8215410097140893,-0.37291808756862355,-0.007782877623991239,0.09475829868468498,-0.05583358961200234
4.849999999999954,0.10361064770021743,0.8226671792874808,-0.37362685276526786,-0.007795834545281239,0.13274283369687684,-0.09137954903806324
4.859999999999958,0.10353253088996456,0.8238787863508802,-0.3741719294482002,-0.007614182860512972,0.1260229381034631,-0.08752755377450833
4.869999999999961,0.10345727821608819,0.824995463531332,-0.37483671683268366,-0.007406235600074023,0.11400261654050907,-0.07998269194187131
4.879999999999964,0.10338330871495828,0.8261147586156352,-0.37548150158706456,-0.007440324894782457,0.10066859113703189,-0.022925483237417655
4.889999999999968,0.10331074701308425,0.8272351968841909,-0.37612702356643496,-0.007078544995900674,0.11774530442879341,-0.09519583360804275
4.899999999999971,0.10323990067528768,0.8282851754910491,-0.37671161341530646,-0.0071546984631939295,0.08939335312336513,-0.004346837231741923
4.909999999999974,0.10317023957954752,0.8293222554536852,-0.37722960969344027,-0.006850901998537225,0.10209288292050864,-0.057775731896427734
4.919999999999978,0.10310265495712921,0.8303028644069687,-0.3777818068889013,-0.006681827823687729,0.09619546779482724,-0.053260444066008036
4.929999999999981,0.10303665005566298,0.8312731526892501,-0.37834970596406314,-0.006352801723228813,0.11853177814975206,-0.1279644671335727
4.939999999999984,0.10297309282819128,0.8322470164852924,-0.37912721356818885,-0.0063680015252967695,0.07803708784936557,-0.028794310607251048
4.949999999999988,0.10291024596868084,0.8331507591191548,-0.3796486571896958,-0.006213958313608125,0.09727839817157,-0.06378853854313546
4.959999999999991,0.10284898155367188,0.8341392707940469,-0.38034574385368525,-0.006080549709159702,0.08499800684929044,-0.0414371255300208
4.969999999999994,0.10279009135257997,0.8350259736222593,-0.38105970615611595,-0.0057282094634517056,0.1027834959590557,-0.1128738510755192
4.979999999999998,0.10273179254622719,0.8358672179955056,-0.38153539225924515,-0.005637780233891532,0.10689802580799931,-0.10964347594625254
4.990000000000001,0.10267494772693578,0.836749627191301,-0.3820867981169429,-0.0056834278905918975,0.07212146141902925,-0.014337556842326042
5.000000000000004,0.10262000410046208,0.8375670861780861,-0.3826240338250105,-0.0054543509803690075,0.0702245545269587,-0.02837307824087794
5.010000000000008,0.1025674213797199,0.8383556491898305,-0.3832992056171959,-0.0050503612510637355,0.08796734640090853,-0.10977578731146606
5.020000000000011,0.10251715631020307,0.8390720522112254,-0.3840320278029756,-0.004933408204877954,0.07310305088464993,-0.08015224783832992
5.0300000000000145,0.10246637124626537,0.8398157088199171,-0.384428660461278,-0.005160826739041713,0.08147131906684722,-0.021185826975213377
5.040000000000018,0.10241633739474726,0.8406139422566717,-0.38478181265515365,-0.00474382397751996,0.06881715753252768,-0.054057218687814164
5.050000000000021,0.10237135183371528,0.841186165122239,-0.3854741525832981,-0.004405704012468892,0.050801385974442954,-0.06299679214278611
5.0600000000000245,0.1023267541019147,0.8418261548838702,-0.3860772507190758,-0.004460350325855112,0.08343008375867694,-0.07840654976483324
5.070000000000028,0.10228240207394534,0.8424930201394727,-0.38649137576990183,-0.00415732933544416,0.06936247372031436,-0.08653716193092811
5.080000000000031,0.10224172881072285,0.843024589386035,-0.3871254363248118,-0.0039510535534622105,0.06803511344120365,-0.09698665429950262
5.0900000000000345,0.10220103997105778,0.8436148528046294,-0.3875722401786593,-0.003922277944460359,0.07381697830970582,-0.08390865764569096
5.100000000000038,0.1021614953743741,0.8441007035503385,-0.38778845785781485,-0.003812041132210178,0.045997587331964136,-0.031270326408985354
5.110000000000041,0.10212496798455559,0.8446369809597928,-0.38840064222334714,-0.0036662550430932024,0.04079121681860176,-0.02322250549133543
5.1200000000000445,0.10208837329781068,0.8451247021276537,-0.3886360434845726,-0.003610580913635448,0.060287850652181674,-0.03794467391092276
5.130000000000048,0.10205336054333104,0.8457020706578607,-0.38904682309899136,-0.0032491802297422924,0.05552377750037169,-0.0730279094255011
5.140000000000051,0.10202187563505163,0.8460935242914961,-0.3895652358564642,-0.003008890615024257,0.051920111717808595,-0.08639039635995474
5.1500000000000545,0.1019906093911023,0.8464962422993688,-0.3898631695349339,-0.0031455691359988432,0.04191321504584463,-0.014539466376640277
5.160000000000058,0.10196051283427669,0.8470056835358266,-0.39028346964595995,-0.002858599575822029,0.04503094511774094,-0.04796180815986033
5.170000000000061,0.10193337564418245,0.8473106997765754,-0.39066942903658164,-0.002529599540992775,0.022409432805025928,-0.04760872423673811
5.1800000000000646,0.10190889549640897,0.8475778967413428,-0.39123702584553144,-0.0025628844708978893,0.021287803364960105,-0.011035323875752893
5.190000000000068,0.10188377768653724,0.8479225956290212,-0.3915221323652628,-0.0023304266789924955,0.04186732993638901,-0.06222197804315624
5.200000000000071,0.10186125210702761,0.8481743782691871,-0.39188230605692065,-0.002163155969425512,0.01140646367591939,-0.016932063603178244
5.210000000000075,0.10184155093690979,0.8483534911323773,-0.39239807728895815,-0.0018379338174586226,0.0186518353862579,-0.0647281754973981
5.220000000000078,0.10182261721741985,0.8485896377700579,-0.3928748367496228,-0.0018722297858682502,0.04160576664299214,-0.06700989708073268
5.230000000000081,0.10180309458202913,0.8489174028217275,-0.3930983420283041,-0.0017655942584926807,0.03681907014290653,-0.051452600113322804
5.240000000000085,0.10178722780091963,0.8491375420601508,-0.39358146905443914,-0.0013863397273476683,0.012259256906153065,-0.0577333593064672
5.250000000000088,0.10177447291313693,0.8492474735599127,-0.3942155056220712,-0.0013172074901248124,0.012680295162759822,-0.043742505263952014
5.260000000000091,0.10176064293771203,0.8494623629659583,-0.39452372208187086,-0.0012914648233794711,0.019499497380118212,-0.03127382703616369
5.270000000000095,0.10174957561840879,0.8495505825127685,-0.39488389810249835,-0.0010480756090905053,-0.006449185301008828,-0.008404839144812255
5.280000000000098,0.10173977405158632,0.8496560197523277,-0.39523677037809424,-0.0011162242758324568,0.00568170265088811,0.013795997329086825
5.290000000000101,0.10173069367775797,0.8497620582154067,-0.395446388479465,-0.0007185212916016899,-0.006426602492414277,-0.016265745229350915
5.300000000000105,0.10172435425275222,0.8497109286847297,-0.39565504453623707,-0.0006623230156420905,-0.012357928341755652,0.010812072904794027
5.310000000000108,0.10171815410429974,0.8497150876295146,-0.39569564646007954,-0.0006353384976807744,0.004525545900966675,0.006594423434511769
5.320000000000111,0.10171409762896849,0.8497809070323014,-0.39597329139781257,-8.202402324220743e-5,-0.0059046458936635625,-0.05698070516592584
5.330000000000115,0.10171396692593533,0.8496599160760067,-0.39643671354599974,1.1645698040617992e-5,-0.010403503152685734,-0.03983984120410516
5.340000000000118,0.10171342116014628,0.8495484805681939,-0.39654999803756785,-3.469117977075363e-5,-0.010503620809668362,-0.0019977916700635342
5.350000000000121,0.10171489037847746,0.849509806097571,-0.39689350133531515,0.0003296354831397317,-0.00223900274773023,-0.058763154000447695
5.360000000000125,0.10171869532545146,0.8494149446741974,-0.3973211270893141,0.0004185746728069302,-0.011129385044173979,-0.03339160957368211
5.370000000000128,0.10172393078151304,0.8492657219719009,-0.3976576686367799,0.0005173495700981079,-0.028519545786156623,0.003948238834060789
5.380000000000131,0.10173035988462197,0.8490894613463654,-0.3979005770490675,0.000637646838978494,-0.029036517927227043,0.009593216537982958
5.390000000000135,0.10173810149418407,0.8488841785273384,-0.39806942944043827,0.00077877803075521,-0.027381414448664213,0.007627097522279581
5.400000000000138,0.10174639935955548,0.8486621492233928,-0.39803521336843634,0.000848310809181033,-0.02008443628780278,0.010593677887327244
5.410000000000141,0.10175713204243039,0.8484827895897975,-0.3982641933949657,0.0014420349317723542,-0.021873144369987652,-0.07476191626416717
5.420000000000145,0.10177264895855043,0.8480458662250332,-0.3987302686518645,0.0016628926146610768,-0.03084481657898369,-0.07534785638684105
5.430000000000148,0.10178779685670984,0.8477420602554241,-0.3990590083548071,0.0013978513471958273,-0.04076060389662316,0.021257887565199418
5.440000000000151,0.10180338158897008,0.847435167266628,-0.39918325397731497,0.0016492789342998039,-0.029527496267386887,-0.01785717777752643
5.450000000000155,0.10182104950634484,0.8470409118705005,-0.3992879570808766,0.001959621528840693,-0.03331825921737731,-0.04400812025122843
5.460000000000158,0.10184102299902076,0.8466746589531396,-0.39960606329747544,0.00197708182891462,-0.05375737104897644,0.014374237731096662
5.470000000000161,0.10186167339620905,0.8462191337837397,-0.3996262087794074,0.0021234298040589492,-0.036820804595214245,-0.013495600578831965
5.480000000000165,0.10188297716529657,0.8458473654701537,-0.3996265661355199,0.0021244702530780306,-0.03655332864403954,0.014343629561573909
5.490000000000168,0.10190753062632667,0.8454103740647511,-0.39987109614337646,0.002738364183703068,-0.06784288253325461,-0.02610076924534981
5.500000000000171,0.10193473365435655,0.844775938335986,-0.40002802350842576,0.002587748940335639,-0.04788041974270762,-0.0012002019103278065
5.510000000000175,0.10196114784802172,0.844383184614381,-0.40014362077205917,0.0028518786885564215,-0.05103242468892527,-0.019130049682296278
5.520000000000178,0.10199219173866632,0.8437956586271926,-0.40055973943664774,0.0032472391468634136,-0.06462490598721918,-0.04575496449278005
5.530000000000181,0.10202471287576732,0.8431918603049157,-0.40095551468030305,0.0031843278469757506,-0.047049887723706,-0.03415125351369075
5.540000000000185,0.10205624601066711,0.8426570499707198,-0.40098861322605045,0.003270774692562191,-0.05246750665261533,-0.013591027882976147
5.550000000000188,0.10208967973993613,0.842101888757229,-0.4010737563023148,0.0034426909576318688,-0.05371794167102053,-0.016621537609324482
5.5600000000001915,0.10212453533652462,0.841532951210085,-0.40112963037359395,0.0036774539584746133,-0.051850757206297435,-0.037049834255057756
5.570000000000195,0.10216208940410976,0.8408011483175598,-0.4011591492015966,0.0038918350592790966,-0.07910944970466939,-0.00559922535020632
5.580000000000198,0.10220208445338244,0.8401279437164385,-0.40147843821474327,0.0039050745195735623,-0.07072993023059589,0.006031085693127477
5.5900000000002015,0.10224122844828613,0.8395418983175907,-0.40149556321117497,0.003977730143788132,-0.055807819952032996,-0.004520861654170134
5.600000000000205,0.10228259037319123,0.8388704271611575,-0.4015199891431136,0.00438136724116214,-0.06405176227033693,-0.04105273127090871
5.610000000000208,0.10232710394436034,0.8380649656883117,-0.40165399209512587,0.004609904386474877,-0.07579099815157446,-0.0380176961410086
5.6200000000002115,0.10237330191674977,0.8373162246886011,-0.401929733456385,0.004602969061792228,-0.07156635397388514,-0.015915016532467918
5.630000000000215,0.10241954276499708,0.8366013621221943,-0.40199161652608445,0.0049018922525735,-0.06950940760921788,-0.04914876158606912
5.640000000000218,0.10247043825855702,0.8357131702939813,-0.40238639438148904,0.0052690416775892646,-0.09533238943169178,-0.04943858374939903
5.6500000000002215,0.10252317533935304,0.8347339238162104,-0.40270813438091224,0.005293904383233138,-0.0861659566965639,-0.04171458359463819
5.660000000000225,0.10257518993730863,0.8339111162176549,-0.4028727588192525,0.005153409440031245,-0.10007928299723987,0.03636577703863145
5.670000000000228,0.10262921533687813,0.832969561150072,-0.4029464122746563,0.005484876718647219,-0.09405491306898793,-0.009395455621784917
5.6800000000002315,0.1026849384866711,0.8320424976380421,-0.4030912439820289,0.00557675454054054,-0.11256544942215843,0.03173941956985716
5.690000000000235,0.10274227900786444,0.831066022052214,-0.4031848388848243,0.005689073011690695,-0.10134953877900887,0.019363101692855624
5.700000000000238,0.10280025857875714,0.8301308299271839,-0.40319092293143527,0.005907230980960775,-0.08606190613558337,-0.020047204237605525
5.7100000000002415,0.102861450230597,0.829088577346371,-0.40335327322677167,0.0063820746577978186,-0.10891468849279555,-0.04470067180351185
5.720000000000245,0.10292531959981478,0.8279781724019479,-0.40363534061978396,0.006213962256048917,-0.11370417317176804,0.023107933181719605
5.730000000000248,0.10298766857753522,0.8270025321175508,-0.40357550132886155,0.006318910119576055,-0.096192290997915,0.0016503657230352718
5.740000000000252,0.10305195312497967,0.8259259597065914,-0.4034353553843898,0.006672251719471471,-0.1013471735238215,-0.029067512509328864
5.750000000000255,0.10311946501872545,0.824754423942506,-0.4034713312266929,0.00684939014888399,-0.12254139063504131,0.0006805054572631059
5.760000000000258,0.10318850356591518,0.8235967035623573,-0.4035434602799249,0.006979945143900668,-0.10611535748389798,-0.02410738053810056
5.770000000000262,0.10325786072384303,0.8224702410316529,-0.4034517894535038,0.006973391830318261,-0.11092671234206221,0.012987431563404787
5.780000000000265,0.10332823419036996,0.8213088951610228,-0.40321621762082405,0.007226335005592309,-0.11172427989905219,-0.00583115509455996
5.790000000000268,0.10340161971349732,0.8200672779910251,-0.40313811715598646,0.007459922622057263,-0.1251862222544041,0.0003825587065906582
5.800000000000272,0.10347691063547958,0.8188053647028803,-0.4031102070425715,0.007609986900791078,-0.1259517250884478,0.0008515616595973065
5.810000000000275,0.10355269713464149,0.8175552886994809,-0.4029213498269424,0.007538435225350303,-0.1290060788339375,0.04702371161083197
5.820000000000278,0.10362950652556792,0.8163487782843885,-0.4027246483459351,0.007751623453216137,-0.13453771055754316,0.04375293455006858
5.830000000000282,0.10370948597587583,0.8150260298717823,-0.40265233343404155,0.008195696849870029,-0.137973752359837,-0.006574987157934809
5.840000000000285,0.1037921087664855,0.8136251065266985,-0.4026709420817003,0.008386479050752009,-0.12803562398138754,-0.032202812726279034
5.850000000000288,0.10387574027028243,0.812247741959279,-0.40264687139076016,0.008366777190676482,-0.14169832322643414,0.022136709436498057
5.860000000000292,0.10396118261118209,0.8108560756362043,-0.40266467784415516,0.008803341600639726,-0.12358818348302018,-0.06340322852939254
5.870000000000295,0.10404794804766208,0.8094612244377055,-0.4026526616092245,0.008663739826720848,-0.13579975342955747,0.010847763677980515
5.880000000000298,0.10413508116379827,0.8080899390960788,-0.40247748481785106,0.00894566222080849,-0.13531796446205413,-0.015309887544515212
5.890000000000302,0.10422605180296088,0.8065291000417875,-0.40241781211341665,0.00934320358669512,-0.14348902535028715,-0.04805388824628965
5.900000000000305,0.10431804729635605,0.8050074395782041,-0.4023457365520624,0.009034555242960386,-0.149642886215786,0.04704900140890657
5.910000000000308,0.1044099528659973,0.8036206975643341,-0.402219116258821,0.009390975526059749,-0.14446154673233205,-0.0008891717455113423
5.920000000000312,0.10450576197324149,0.8020151888164879,-0.4021647108981326,0.009816790885983499,-0.15428563208735827,-0.03560327628471409
5.930000000000315,0.10460322397275157,0.8004095184283926,-0.4021457312925225,0.00968016194423046,-0.16030177794055436,0.027177051308086262
5.940000000000318,0.10470053371864313,0.7988771369914477,-0.40195548499600087,0.00977424400110951,-0.15320752515454403,0.024533923924423922
5.950000000000322,0.10480083724523333,0.797224224384917,-0.40183509301589937,0.01021047693541296,-0.16911030573856908,-0.0009117757929372107
5.960000000000325,0.10490274710752157,0.7955786009375511,-0.40175315891346847,0.010228156403210075,-0.15034347733713577,-0.010079878834866522
5.970000000000328,0.10500535309984724,0.7939652739268759,-0.4015850924898712,0.010449916499947675,-0.17498930929624767,0.019641264578516067
5.980000000000332,0.10511160695315178,0.7921669317882684,-0.4014895226968814,0.010707806176007369,-0.16594943302297854,-0.016521683835259027
5.990000000000335,0.10521726101119444,0.7905539135051552,-0.4013413599172743,0.01057849275312905,-0.15295178065362774,0.011163801942480659
6.000000000000338,0.10532429556995201,0.7888969451317743,-0.40109737845712107,0.010884506859501998,-0.170664219049622,0.01363405790682316
6.010000000000342,0.10543525631275681,0.7871171237926935,-0.4010824477390284,0.011323722603681682,-0.16061280651724016,-0.057391568569439104
6.020000000000345,0.10554683551649256,0.7853716978258969,-0.40097331356797195,0.011134894888679588,-0.1662335408912088,0.013742614671394536
6.030000000000348,0.10565895915535874,0.7836439461662527,-0.4007255858244869,0.011398782577324762,-0.18026999454557088,0.017743404138791986
6.040000000000352,0.1057752875983318,0.7817700662652489,-0.4007111901461294,0.011846431120452272,-0.1784415822912895,-0.03984162022087246
6.050000000000355,0.10589267210183154,0.7799318956150341,-0.4006844666152119,0.011720212770487458,-0.17492896165437777,0.0034294169669147776
6.060000000000358,0.1060096761831531,0.7781202171831106,-0.40036832243596854,0.011827772911277427,-0.1760791146519373,0.012924472603415303
6.070000000000362,0.10612956893452587,0.7762672566755068,-0.4002304591277274,0.012251082229944765,-0.18415202545460263,-0.022033513365172116
6.080000000000365,0.10625218881471436,0.7743537883031616,-0.40020744855363954,0.012184641051449466,-0.2007017569333558,0.04639550151124625
6.0900000000003685,0.10637451907489502,0.7724784534999102,-0.39993473534212515,0.012231842334676672,-0.19476306006644212,0.0539103940415822
6.100000000000372,0.10649899898906363,0.7705539433757723,-0.3996910385522571,0.012636019184467903,-0.20510116073109422,0.026997401616559183
6.110000000000375,0.10662746343361729,0.7685669628036417,-0.39978056803381007,0.012919881097610922,-0.19099097900907616,-0.02283217716489043
6.1200000000003785,0.10675512614133514,0.766629820408449,-0.39955294496135907,0.012722863989108822,-0.18934528704539114,0.035824127889496446
6.130000000000382,0.10688384750354422,0.7646526314782198,-0.39917436605328327,0.013106352223326657,-0.21031216162709002,0.032524598431610034
6.140000000000385,0.10701614156618502,0.7625539136379543,-0.39894312683494293,0.013330034991787826,-0.19308243720620646,-0.012260635498924734
6.1500000000003885,0.10714734856348819,0.7605932349443574,-0.3985081543592244,0.013091692666167797,-0.19150373391870482,0.05346380873593832
6.160000000000392,0.10728078598607678,0.758609097225812,-0.3981607153395805,0.013609586071965095,-0.20048070869340848,0.004699133140822801
6.170000000000395,0.10741805944308933,0.7565124127100218,-0.39802141383468037,0.01380167057044019,-0.21526007283667925,0.02419338300543526
6.1800000000003985,0.10755649773273555,0.7544165838239277,-0.3978281826107018,0.013903594859116145,-0.20918552449150585,0.021128224910461433
6.190000000000402,0.10769631672844765,0.7522776383457453,-0.39753654601911026,0.014025730934536313,-0.21745020468683518,0.041104028326351
6.200000000000405,0.1078370921207321,0.7501605424423701,-0.39719277581157186,0.014137757964281154,-0.21657197371082035,0.0458914526782514
6.2100000000004085,0.10798013521278745,0.7479579167514611,-0.3968264146149208,0.014429267334412922,-0.22595639889937627,0.038420668099218104
6.220000000000412,0.1081259098171905,0.7457366653197048,-0.3966426140487477,0.014817088673235675,-0.21193309188479023,-0.029527484469254264
6.230000000000415,0.10827374539798447,0.7434682776437166,-0.39647056547781706,0.014983916172660745,-0.20577663355290357,-0.044189889583849694
6.2400000000004185,0.10842124205638981,0.7412609827249087,-0.39609499441185875,0.014642909480230277,-0.22537418741635282,0.07780910192643709
6.250000000000422,0.10857000440829769,0.7391019262390023,-0.3957703999584156,0.015220306846401589,-0.22160104116553925,-0.0035033873143434234
6.260000000000425,0.10872345939988812,0.7367117901891651,-0.39556427122304266,0.015322604426811715,-0.2393846860016839,0.03817376893766015
6.270000000000429,0.1088753436326776,0.7345499052427406,-0.39526161369772156,0.015113428188720966,-0.19774615454080113,0.02105903320100083
6.280000000000432,0.10902806429557665,0.73236341507878,-0.3947994013881818,0.015609354116886097,-0.24600061156599157,0.052969063158162445
6.290000000000435,0.10918676558897837,0.7298805529098006,-0.3945464201462466,0.015937372239465022,-0.250305643622726,0.030380521333936955
6.300000000000439,0.10934520753811088,0.7275045052083149,-0.3941973798776756,0.01570566822558968,-0.23059169048785666,0.05799795851521999
6.310000000000442,0.10950435704944901,0.7251978267169988,-0.39384626762784725,0.016227925252237728,-0.23589675033668236,0.004374623953083785
6.320000000000445,0.10966851633109218,0.7227135425722327,-0.39375561706764844,0.016382086427927243,-0.26200839766375406,0.053660225335096116
6.330000000000449,0.10983170991768637,0.7203661158445164,-0.3935098444756587,0.01632201998058563,-0.21346595971764468,-0.004161630630235723
6.340000000000452,0.10999626188305375,0.7180091717598615,-0.39322185968949763,0.016746692517001362,-0.2596857240987844,0.03838214397850222
6.350000000000455,0.11016481655381805,0.7154408208217254,-0.3929506764985172,0.016619610243405556,-0.24701506936694365,0.06070200661102521
6.360000000000459,0.1103304475924946,0.7132737540347784,-0.39271041616982016,0.01649583603913635,-0.22517901829389686,0.06438016492596972
6.370000000000462,0.11049915636370378,0.7109167485536642,-0.3923694150397875,0.01716264245562726,-0.25956661691780086,0.043873606770794805
6.380000000000465,0.11067262743018465,0.7083644816459341,-0.3922011193220491,0.017380826021060437,-0.2460118152981505,0.005607597486759456
6.390000000000469,0.11084554658552226,0.7059218700223964,-0.3919058080718806,0.017258291747020173,-0.24973789198324522,0.05831341540013763
6.400000000000472,0.11101978914202493,0.7034512818371773,-0.3915291616666692,0.017546483076514897,-0.24433879544329834,0.024235921523253687
6.410000000000475,0.11119707704306543,0.7008800657351106,-0.3912163537778281,0.017869747830298852,-0.2768773172885649,0.05899971318099507
6.420000000000479,0.11137552066184449,0.6982713566149165,-0.3907760908254777,0.017723259292676225,-0.2518733115427042,0.05878168058214367
6.430000000000482,0.11155358853898657,0.695736953938975,-0.3901727663678053,0.018099898800389154,-0.24910803838082152,0.015362268420069386
6.440000000000485,0.11173722283452822,0.693050047971031,-0.38994552005067945,0.018572708995479605,-0.2581404236307536,-0.02065894385866403
6.450000000000489,0.11192069871610101,0.6904711625312463,-0.3896625536038279,0.01822593396728032,-0.2485400466230531,0.04201036518957487
6.460000000000492,0.1121038463807118,0.6878878012651337,-0.3890715614325399,0.0185401044869977,-0.2554603597557632,0.028388811432549396
6.470000000000495,0.11228908869582802,0.6852609235940874,-0.38849581680041034,0.018502014068626723,-0.2530957861283743,0.0541317581596281
6.480000000000499,0.11247517516582078,0.6826467480958001,-0.3878420974213868,0.01876518283719797,-0.2783637621962885,0.08574318549946056
6.490000000000502,0.11266405038126727,0.6799605097188935,-0.3872611722122164,0.01895528212894122,-0.26554389644179144,0.052759232415550916
6.500000000000505,0.11285530704779556,0.6772563216704417,-0.3867947285456637,0.019276347958283768,-0.2838149261071557,0.060982568212956015
6.510000000000509,0.11304888231395491,0.6745252449744912,-0.38641526260413606,0.019330003564433436,-0.26848668224209105,0.044933466923300844
6.520000000000512,0.11324340532252893,0.6717969994231524,-0.3859584370351482,0.019567335724565146,-0.287725442859623,0.06906287156344136
6.530000000000515,0.11343911031622383,0.669007849408716,-0.3853338122218466,0.019555541236279415,-0.26813822788904523,0.054759705713643345
6.540000000000519,0.11363615823099289,0.6662565581988116,-0.3847677480907846,0.019807553548793225,-0.2845558775304322,0.0709581770681247
6.550000000000522,0.11383571809899487,0.663471706795901,-0.38430523717863363,0.020082558776970332,-0.2770512496040364,0.034556526595921566
6.560000000000525,0.11403755842051083,0.6606401304372836,-0.3838814518346341,0.020183004595110656,-0.2978324250381825,0.08434114030711624
6.570000000000529,0.11423886356869029,0.6578696062046547,-0.3832647546937473,0.020125229328581146,-0.26335195047192406,0.04589543755280863
6.580000000000532,0.11444213367168223,0.6551024540704864,-0.38273855937493223,0.020531769212218554,-0.3058569659186256,0.09150411505164872
6.590000000000535,0.11465014628816916,0.6522574791941157,-0.3825820642121732,0.020805250465963144,-0.28307649903688736,0.023479184006214703
6.600000000000539,0.11485767995049713,0.6493994464814039,-0.382093288637608,0.02088122090886704,-0.28158941464534354,0.031189878377411443
6.610000000000542,0.11506861842085693,0.6464825931674492,-0.3817957886352021,0.021163402337278522,-0.31200919199265853,0.07242895733505256
6.6200000000005454,0.11527948197830064,0.6435520102244995,-0.38122994809285765,0.020998388733664306,-0.26409094784558895,0.02144748190333208
6.630000000000549,0.11548947738731231,0.6408126817138342,-0.3806985196289397,0.021209264650681438,-0.28094350601832985,0.04590964355014375
6.640000000000552,0.11570418699357202,0.6379009829373276,-0.38032616880979403,0.021703018823994405,-0.2997643385280596,0.029857818785058547
6.6500000000005555,0.11592059775871688,0.6349577688643988,-0.37993227964206283,0.021727041452301216,-0.28305634412821257,0.013322845971969952
6.660000000000559,0.11613615964008632,0.6320851637800742,-0.3793305515708533,0.021520802121353415,-0.26502436744848556,0.029892314088056822
6.670000000000562,0.11635226578261783,0.62929546921969,-0.3787676634653065,0.021886995303099267,-0.292652865710097,0.05292332762412346
6.6800000000005655,0.11657428013522132,0.6262804941361965,-0.3784334637258205,0.022401225332042786,-0.3045921749883149,0.019686326355907124
6.690000000000569,0.11679651201461183,0.6232742255291406,-0.3779338077208845,0.02199303151807544,-0.2834405723552676,0.06016069235662816
6.700000000000572,0.11701632476152189,0.6204610017726941,-0.37725089488832264,0.022094130332503598,-0.29565004874401307,0.09211711487056505
6.7100000000005755,0.11724223806795288,0.6174578296767789,-0.37689481166508926,0.02297421287400518,-0.30048152088896,-0.012773038573196149
6.720000000000579,0.1174706264534352,0.6143466793298087,-0.3764781850793911,0.022663735377340004,-0.2916360542658129,0.037658760391605234
6.730000000000582,0.11769478441805974,0.6115121110064686,-0.3757882045195078,0.022338239255906653,-0.2851998289651169,0.09529196310599362
6.7400000000005855,0.11792186009719277,0.6085913293248035,-0.375151525367545,0.02307196632380648,-0.31702663040152007,0.0718071260053198
6.750000000000589,0.11815491594681667,0.6055334590931176,-0.3749318795713703,0.023225496737429,-0.30891658081932494,0.05135784136225258
6.760000000000592,0.11838672547007913,0.6025158820693518,-0.37440168540113394,0.023119265718029407,-0.2961242272084108,0.06055249095857713
6.7700000000005955,0.1186179163048532,0.599614238792403,-0.3738231445014337,0.023301683937900917,-0.2919840349048808,0.044064625466135744
6.780000000000599,0.11885386999869847,0.5965165726569223,-0.373342286390166,0.02385293494606323,-0.3027625937621693,0.003630822905753613
6.790000000000602,0.11909162171766448,0.5934509811444715,-0.3730043988678815,0.02367232136886991,-0.31525788150123235,0.07846251217556714
6.800000000000606,0.1193279719146558,0.5904139419639104,-0.3723157957571357,0.023731130775268307,-0.30484435309400976,0.06675947068603665
6.810000000000609,0.1195687623635402,0.5873008000670347,-0.37193419887352225,0.02432432558254022,-0.30887746144531913,0.00554785802820814
6.820000000000612,0.11980990204120295,0.584216758986004,-0.3714734550722589,0.02382278365018574,-0.29962407376052963,0.08046919596575994
6.830000000000616,0.12004867015144316,0.581366928175557,-0.37097659783364323,0.02397298806700307,-0.2996600417050344,0.07722757101628729
6.840000000000619,0.12029199482902826,0.5783110071528598,-0.37051825320999104,0.02447411423617702,-0.311632431825035,0.04740937257800437
6.850000000000622,0.12053795781393899,0.5751989002944109,-0.3701423979487142,0.024610445559815085,-0.3024428929793529,0.025403600615481643
6.860000000000626,0.12078216143872648,0.5722349032795916,-0.36964523591467624,0.02433832697717429,-0.3002965574880578,0.07991038337816576
6.870000000000629,0.12102820930652979,0.5691811630344069,-0.36903861769166196,0.024774378764542856,-0.3118205805785473,0.05891163150060924
6.880000000000632,0.12127701505518118,0.5660955261422123,-0.36858957343216386,0.02494876000189173,-0.3180666306077439,0.06503951367953657
6.890000000000636,0.12152693963263775,0.5629668124174007,-0.3680307141049053,0.024918108387983497,-0.309332884530994,0.06792299485914914
6.900000000000639,0.1217774018880293,0.5599054549685397,-0.36752433432368403,0.025344548877822524,-0.3112385370882271,0.02677150881514089
6.910000000000642,0.12203276594313336,0.5566486369938206,-0.3671273601736129,0.02557344832497759,-0.3227094506644073,0.036290215869916556
6.920000000000646,0.12228574393165535,0.5535652309578104,-0.36659584641565496,0.025013817822093946,-0.291375891447404,0.06526986204372884
6.930000000000649,0.12253620765549529,0.5507422367708396,-0.3661118502526864,0.02513187270225124,-0.30350920756897154,0.09224151788705416
6.940000000000652,0.12279242622913747,0.5475624454100305,-0.3654965365340358,0.025971475563600157,-0.3353007564403757,0.057910740934027795
6.950000000000656,0.12305090045238545,0.5443503309456507,-0.36497398251614144,0.02549515124942814,-0.3061387411445324,0.0776391339235551
6.960000000000659,0.12330531610901482,0.5414525241814014,-0.3644116528453039,0.02547848720157848,-0.29716954365084675,0.07566094728515164
6.970000000000662,0.1235641634153662,0.5383512459814916,-0.363871923600678,0.02628743046252997,-0.3184182541673687,0.022136742571930112
6.980000000000666,0.12382660982656889,0.5351078044310059,-0.3633752796681399,0.02618563255517284,-0.3127444406293868,0.03938336772705085
6.990000000000669,0.1240859033330038,0.5320483824877735,-0.36268983204802413,0.025851778290440042,-0.2889058660117728,0.048208714643423536
7.000000000000672,0.12434661891756969,0.5290656163160933,-0.3622360817375036,0.026376463220126708,-0.3133987457438557,0.04348997137948087
7.010000000000676,0.12461112413410076,0.5258807575398311,-0.3617179824008541,0.026437987656991506,-0.3224386941134895,0.06997231939195571
7.020000000000679,0.1248749474857989,0.5227324427752092,-0.36104235983770827,0.02642764201739336,-0.30154819494758767,0.03743582214108469
7.030000000000682,0.1251419709518538,0.5195956077145544,-0.36071145972074636,0.026943263839093807,-0.34147324545904956,0.0699215484451327
